-- MySQL dump 10.13  Distrib 5.7.15, for Win64 (x86_64)
--
-- Host: localhost    Database: don_bosco
-- ------------------------------------------------------
-- Server version	5.7.15-log

/*!40101 SET @OLD_CHARACTER_SET_CLIENT=@@CHARACTER_SET_CLIENT */;
/*!40101 SET @OLD_CHARACTER_SET_RESULTS=@@CHARACTER_SET_RESULTS */;
/*!40101 SET @OLD_COLLATION_CONNECTION=@@COLLATION_CONNECTION */;
/*!40101 SET NAMES utf8 */;
/*!40103 SET @OLD_TIME_ZONE=@@TIME_ZONE */;
/*!40103 SET TIME_ZONE='+00:00' */;
/*!40014 SET @OLD_UNIQUE_CHECKS=@@UNIQUE_CHECKS, UNIQUE_CHECKS=0 */;
/*!40014 SET @OLD_FOREIGN_KEY_CHECKS=@@FOREIGN_KEY_CHECKS, FOREIGN_KEY_CHECKS=0 */;
/*!40101 SET @OLD_SQL_MODE=@@SQL_MODE, SQL_MODE='NO_AUTO_VALUE_ON_ZERO' */;
/*!40111 SET @OLD_SQL_NOTES=@@SQL_NOTES, SQL_NOTES=0 */;

--
-- Table structure for table `carrera`
--

DROP TABLE IF EXISTS `carrera`;
/*!40101 SET @saved_cs_client     = @@character_set_client */;
/*!40101 SET character_set_client = utf8 */;
CREATE TABLE `carrera` (
  `Carrera_ID` int(11) NOT NULL AUTO_INCREMENT COMMENT 'ID de las carreras',
  `Carrera_Nombre` varchar(50) NOT NULL DEFAULT '0' COMMENT 'Nombre de las carreras',
  `Ano_escolar` tinyint(4) NOT NULL COMMENT 'Ano escolar ',
  PRIMARY KEY (`Carrera_ID`)
) ENGINE=InnoDB AUTO_INCREMENT=13 DEFAULT CHARSET=utf8 COMMENT='Todas las carreras de la escuela tecnica popular don bosco';
/*!40101 SET character_set_client = @saved_cs_client */;

--
-- Dumping data for table `carrera`
--

LOCK TABLES `carrera` WRITE;
/*!40000 ALTER TABLE `carrera` DISABLE KEYS */;
INSERT INTO `carrera` VALUES (1,'Tecnologia_Grafica',4),(2,'Mecanica',4),(3,'Electronica',4),(4,'Contabilidad',4),(5,'Tecnologia_Grafica',5),(6,'Mecanica',5),(7,'Electronica',5),(8,'Contabilidad',5),(9,'Tecnologia_Grafica',6),(10,'Mecanica',6),(11,'Electronica',6),(12,'Contabilidad',6);
/*!40000 ALTER TABLE `carrera` ENABLE KEYS */;
UNLOCK TABLES;

--
-- Table structure for table `correo_enviado`
--

DROP TABLE IF EXISTS `correo_enviado`;
/*!40101 SET @saved_cs_client     = @@character_set_client */;
/*!40101 SET character_set_client = utf8 */;
CREATE TABLE `correo_enviado` (
  `ID` int(11) NOT NULL AUTO_INCREMENT,
  `correo` varchar(64) NOT NULL DEFAULT '0',
  PRIMARY KEY (`ID`)
) ENGINE=InnoDB AUTO_INCREMENT=8 DEFAULT CHARSET=utf8 COMMENT='Lista a los correos que se les han enviado algo';
/*!40101 SET character_set_client = @saved_cs_client */;

--
-- Dumping data for table `correo_enviado`
--

LOCK TABLES `correo_enviado` WRITE;
/*!40000 ALTER TABLE `correo_enviado` DISABLE KEYS */;
INSERT INTO `correo_enviado` VALUES (3,'alejandrombc@gmail.com'),(4,'josemalvarezg1@gmail.com'),(7,'josegregorio994@gmail.com');
/*!40000 ALTER TABLE `correo_enviado` ENABLE KEYS */;
UNLOCK TABLES;

--
-- Table structure for table `cursa`
--

DROP TABLE IF EXISTS `cursa`;
/*!40101 SET @saved_cs_client     = @@character_set_client */;
/*!40101 SET character_set_client = utf8 */;
CREATE TABLE `cursa` (
  `Cedula` int(11) NOT NULL COMMENT 'Cedula de los estudiantes',
  `Periodo_ID` int(11) NOT NULL COMMENT 'ID del periodo lectivo',
  `Carrera_ID` int(11) NOT NULL COMMENT 'ID de la carrera cursada',
  `Seccion_actual` varchar(1) NOT NULL COMMENT 'La seccion que cursa el estudiante',
  `Inasistencias` smallint(6) NOT NULL DEFAULT '0' COMMENT 'Las inasistencias del estudiante en ese periodo',
  PRIMARY KEY (`Cedula`,`Periodo_ID`),
  KEY `Periodo` (`Periodo_ID`),
  KEY `Carrera` (`Carrera_ID`),
  CONSTRAINT `Carrera` FOREIGN KEY (`Carrera_ID`) REFERENCES `carrera` (`Carrera_ID`),
  CONSTRAINT `Cedula` FOREIGN KEY (`Cedula`) REFERENCES `estudiante` (`Cedula`),
  CONSTRAINT `Periodo` FOREIGN KEY (`Periodo_ID`) REFERENCES `periodo` (`Periodo_ID`)
) ENGINE=InnoDB DEFAULT CHARSET=utf8 COMMENT='Relacion entre estudiantes, periodo y carrera';
/*!40101 SET character_set_client = @saved_cs_client */;

--
-- Dumping data for table `cursa`
--

LOCK TABLES `cursa` WRITE;
/*!40000 ALTER TABLE `cursa` DISABLE KEYS */;
INSERT INTO `cursa` VALUES (24218040,1,3,'A',0),(24812841,1,11,'B',0),(25038805,1,1,'A',0),(25038845,1,1,'A',0),(25915319,1,12,'A',0),(25915621,1,10,'A',0),(25990683,1,9,'A',0),(26089657,1,12,'A',0),(26104468,1,6,'A',0),(26104748,1,7,'B',0),(26159867,1,11,'A',0),(26159892,1,9,'A',0),(26240687,1,11,'A',0),(26252786,1,8,'A',0),(26254899,1,12,'A',0),(26272185,1,7,'B',0),(26312817,1,12,'A',0),(26312856,1,10,'A',0),(26312869,1,9,'A',0),(26314221,1,11,'A',0),(26334795,1,11,'B',0),(26367289,1,12,'A',0),(26367291,1,12,'A',0),(26367368,1,11,'B',0),(26367652,1,10,'A',0),(26367666,1,11,'A',0),(26367696,1,10,'A',0),(26367730,1,10,'A',0),(26367994,1,9,'A',0),(26368883,1,11,'A',0),(26411348,1,11,'B',0),(26411620,1,12,'A',0),(26411890,1,9,'A',0),(26465748,1,12,'A',0),(26476214,1,11,'A',0),(26476867,1,9,'A',0),(26476948,1,10,'A',0),(26489028,1,9,'A',0),(26489086,1,12,'A',0),(26489187,1,12,'A',0),(26489708,1,8,'A',0),(26510160,1,10,'A',0),(26510169,1,11,'B',0),(26510391,1,10,'A',0),(26510791,1,11,'A',0),(26576175,1,7,'B',0),(26576852,1,8,'A',0),(26576944,1,9,'A',0),(26596713,1,11,'B',0),(26597388,1,12,'A',0),(26597398,1,9,'A',0),(26597401,1,9,'A',0),(26597633,1,8,'A',0),(26609697,1,10,'A',0),(26609795,1,9,'A',0),(26610117,1,11,'A',0),(26610299,1,12,'A',0),(26610414,1,7,'A',0),(26610594,1,12,'A',0),(26628928,1,12,'A',0),(26647499,1,10,'A',0),(26672363,1,10,'A',0),(26672645,1,8,'A',0),(26672683,1,10,'A',0),(26726057,1,10,'A',0),(26726192,1,7,'B',0),(26740215,1,10,'A',0),(26766996,1,9,'A',0),(26774558,1,11,'A',0),(26779085,1,9,'A',0),(26809724,1,5,'A',0),(26809871,1,12,'A',0),(26819046,1,12,'A',0),(26824134,1,9,'A',0),(26824332,1,9,'A',0),(26824336,1,7,'B',0),(26824815,1,11,'A',0),(26868630,1,8,'A',0),(26911915,1,9,'A',0),(26915303,1,10,'A',0),(26943008,1,11,'B',0),(26946205,1,11,'B',0),(26946365,1,12,'A',0),(26946464,1,9,'A',0),(26946492,1,5,'A',0),(26946530,1,8,'A',0),(26946654,1,5,'A',0),(26946848,1,8,'A',0),(26953352,1,10,'A',0),(26966020,1,6,'A',0),(26966364,1,7,'B',0),(26966575,1,9,'A',0),(26966623,1,9,'A',0),(26993313,1,7,'B',0),(26993343,1,5,'A',0),(26993411,1,9,'A',0),(26993444,1,4,'A',0),(26993941,1,11,'A',0),(26993981,1,8,'A',0),(26996768,1,12,'A',0),(27007551,1,7,'A',0),(27007558,1,12,'A',0),(27007564,1,7,'B',0),(27007671,1,7,'A',0),(27007783,1,7,'B',0),(27031140,1,5,'A',0),(27039133,1,7,'A',0),(27039134,1,4,'A',0),(27099041,1,12,'A',0),(27111711,1,11,'A',0),(27111727,1,10,'A',0),(27111856,1,6,'A',0),(27111858,1,10,'A',0),(27111889,1,5,'A',0),(27111953,1,7,'B',0),(27111956,1,11,'B',0),(27130095,1,10,'A',0),(27130849,1,9,'A',0),(27159100,1,9,'A',0),(27159103,1,12,'A',0),(27159493,1,3,'A',0),(27159726,1,7,'B',0),(27159735,1,7,'A',0),(27187565,1,11,'B',0),(27200566,1,12,'A',0),(27218355,1,8,'A',0),(27218689,1,8,'A',0),(27223509,1,3,'A',0),(27246097,1,9,'A',0),(27246665,1,5,'A',0),(27246779,1,7,'A',0),(27246998,1,3,'B',0),(27283785,1,12,'A',0),(27295248,1,12,'A',0),(27295296,1,11,'B',0),(27295319,1,9,'A',0),(27295999,1,11,'B',0),(27321523,1,8,'A',0),(27321875,1,6,'A',0),(27322291,1,6,'A',0),(27332369,1,11,'B',0),(27333163,1,9,'A',0),(27333819,1,8,'A',0),(27342125,1,8,'A',0),(27344221,1,7,'A',0),(27346211,1,9,'A',0),(27346614,1,7,'B',0),(27346919,1,9,'A',0),(27359345,1,3,'B',0),(27359360,1,6,'A',0),(27371276,1,3,'A',0),(27371287,1,9,'A',0),(27374199,1,10,'A',0),(27391414,1,7,'B',0),(27401098,1,5,'A',0),(27401133,1,11,'B',0),(27426112,1,9,'A',0),(27426203,1,4,'A',0),(27426295,1,3,'B',0),(27426674,1,10,'A',0),(27426758,1,7,'A',0),(27426859,1,6,'A',0),(27439674,1,7,'B',0),(27439912,1,8,'A',0),(27448064,1,5,'A',0),(27448072,1,6,'A',0),(27448299,1,5,'A',0),(27448779,1,3,'A',0),(27448834,1,1,'A',0),(27448869,1,3,'B',0),(27448877,1,11,'B',0),(27449807,1,11,'A',0),(27449886,1,3,'A',0),(27449915,1,12,'A',0),(27449923,1,5,'A',0),(27450002,1,8,'A',0),(27488079,1,3,'A',0),(27488105,1,5,'A',0),(27488417,1,11,'A',0),(27488634,1,3,'B',0),(27488666,1,11,'B',0),(27488670,1,7,'A',0),(27488674,1,3,'A',0),(27488982,1,12,'A',0),(27513098,1,6,'A',0),(27545150,1,12,'A',0),(27545280,1,4,'A',0),(27545281,1,8,'A',0),(27545403,1,4,'A',0),(27545417,1,10,'A',0),(27545789,1,12,'A',0),(27545830,1,5,'A',0),(27545912,1,7,'A',0),(27588620,1,7,'A',0),(27588725,1,9,'A',0),(27588996,1,8,'A',0),(27622655,1,7,'B',0),(27622859,1,4,'A',0),(27624610,1,6,'A',0),(27624819,1,6,'A',0),(27624878,1,11,'A',0),(27624905,1,8,'A',0),(27625201,1,3,'B',0),(27659293,1,6,'A',0),(27660856,1,5,'A',0),(27671132,1,1,'A',3),(27692858,1,7,'A',0),(27692921,1,1,'A',0),(27693166,1,6,'A',0),(27693200,1,7,'A',0),(27693218,1,1,'A',0),(27693277,1,5,'A',0),(27703414,1,9,'A',0),(27703423,1,5,'A',0),(27703437,1,7,'B',0),(27704060,1,7,'A',0),(27752874,1,1,'A',0),(27761518,1,3,'B',0),(27769120,1,4,'A',0),(27769131,1,2,'A',0),(27769161,1,2,'A',0),(27769229,1,8,'A',0),(27769263,1,3,'A',0),(27769352,1,9,'A',0),(27769441,1,3,'A',0),(27769447,1,3,'B',0),(27769449,1,3,'A',0),(27769483,1,4,'A',0),(27769609,1,2,'A',0),(27769614,1,5,'A',0),(27769674,1,3,'B',0),(27769849,1,2,'A',0),(27769932,1,3,'B',0),(27770003,1,2,'A',0),(27770256,1,6,'A',0),(27772211,1,4,'A',0),(27788897,1,2,'A',0),(27790051,1,12,'A',0),(27790147,1,4,'A',0),(27790281,1,4,'A',0),(27790452,1,3,'B',0),(27790472,1,3,'B',0),(27790901,1,11,'A',0),(27790952,1,3,'B',0),(27793842,1,4,'A',0),(27794045,1,3,'A',0),(27818422,1,7,'A',0),(27818571,1,2,'A',0),(27818583,1,1,'A',0),(27818592,1,11,'A',0),(27818596,1,3,'A',0),(27818835,1,2,'A',0),(27818877,1,2,'A',0),(27818944,1,1,'A',0),(27860405,1,3,'B',0),(27879185,1,2,'A',0),(27883682,1,6,'A',0),(27915953,1,5,'A',0),(27916045,1,3,'B',0),(27916155,1,6,'A',0),(27916560,1,1,'A',0),(27916722,1,7,'A',0),(27978086,1,5,'A',0),(27978116,1,3,'A',0),(27978507,1,7,'A',0),(27978695,1,4,'A',0),(27978799,1,1,'A',0),(27978839,1,1,'A',0),(28006317,1,3,'B',0),(28006892,1,9,'A',0),(28007026,1,4,'A',0),(28007071,1,3,'B',0),(28007205,1,2,'A',0),(28007320,1,2,'A',0),(28007419,1,4,'A',0),(28007425,1,2,'A',0),(28007444,1,1,'A',0),(28007533,1,5,'A',0),(28007535,1,1,'A',0),(28007546,1,3,'B',0),(28007694,1,12,'A',0),(28007782,1,1,'A',0),(28014115,1,7,'B',0),(28014412,1,5,'A',0),(28015421,1,1,'A',0),(28015915,1,4,'A',0),(28052112,1,7,'B',0),(28052196,1,1,'A',0),(28052197,1,3,'A',0),(28052338,1,7,'B',0),(28052473,1,3,'B',0),(28052474,1,2,'A',0),(28052569,1,3,'B',0),(28052726,1,8,'A',0),(28052971,1,4,'A',0),(28053300,1,4,'A',0),(28053393,1,1,'A',0),(28053753,1,1,'A',0),(28058266,1,4,'A',0),(28076457,1,1,'A',0),(28101501,1,7,'A',0),(28101680,1,3,'A',0),(28101714,1,2,'A',0),(28115522,1,12,'A',0),(28116113,1,3,'B',0),(28116186,1,5,'A',0),(28116237,1,9,'A',0),(28116269,1,6,'A',0),(28116623,1,3,'A',0),(28116858,1,2,'A',0),(28117130,1,2,'A',0),(28135158,1,3,'A',0),(28143615,1,4,'A',0),(28146413,1,4,'A',0),(28154139,1,7,'A',0),(28158126,1,5,'A',0),(28158289,1,3,'B',0),(28158342,1,1,'A',0),(28158365,1,1,'A',0),(28158376,1,3,'A',0),(28158446,1,2,'A',0),(28158548,1,3,'A',0),(28158887,1,1,'A',0),(28159079,1,5,'A',0),(28180284,1,4,'A',0),(28209447,1,1,'A',0),(28218130,1,2,'A',0),(28218209,1,3,'A',0),(28218297,1,10,'A',0),(28218335,1,6,'A',0),(28218533,1,3,'B',0),(28218595,1,8,'A',0),(28218618,1,1,'A',0),(28304170,1,10,'A',0),(28308847,1,3,'A',0),(28309079,1,3,'A',0),(28309134,1,8,'A',0),(28309415,1,2,'A',0),(28317843,1,3,'A',0),(28324759,1,4,'A',0),(28325117,1,11,'B',0),(28325252,1,4,'A',0),(28330354,1,3,'A',0),(28332612,1,1,'A',0),(28332945,1,1,'A',0),(28333395,1,4,'A',0),(28387111,1,8,'A',0),(28410256,1,12,'A',0),(28432578,1,9,'A',0),(28448034,1,3,'A',0),(28448041,1,3,'B',0),(28448664,1,3,'B',0),(28448832,1,4,'A',0),(28469300,1,3,'A',0),(28484637,1,11,'B',0),(28484815,1,1,'A',0),(28484989,1,2,'A',0),(29301411,1,8,'A',0),(29501461,1,3,'A',0),(29518741,1,1,'A',0),(29537192,1,3,'A',0),(29537298,1,3,'B',0),(29537588,1,4,'A',0),(29537724,1,1,'A',0),(29537992,1,2,'A',0),(29577358,1,3,'B',0),(29577536,1,5,'A',0),(29577802,1,4,'A',0),(29577930,1,8,'A',0),(29578687,1,2,'A',0),(29589945,1,3,'A',0),(29609295,1,3,'B',0),(29621425,1,1,'A',0),(29621763,1,2,'A',0),(29621846,1,4,'A',0),(29662025,1,2,'A',0),(29662966,1,3,'B',0),(29677939,1,1,'A',0),(29706478,1,2,'A',0),(29720517,1,3,'B',0),(29741302,1,5,'A',0),(29780061,1,8,'A',0),(29784944,1,3,'A',0),(29832761,1,1,'A',0),(29832887,1,8,'A',0),(29865277,1,3,'B',0),(29883426,1,4,'A',0),(29883723,1,4,'A',0),(29888595,1,4,'A',0),(29904321,1,3,'B',0),(29935980,1,3,'A',0),(29983732,1,11,'A',0),(30062535,1,2,'A',0),(30154177,1,1,'A',0),(30165034,1,1,'A',0),(30165214,1,3,'B',0),(30246595,1,4,'A',0),(30247758,1,3,'A',0),(30248162,1,2,'A',0),(30358006,1,7,'A',0),(30612847,1,2,'A',0),(31309740,1,8,'A',0),(31408241,1,11,'A',0),(31408318,1,1,'A',0),(84580585,1,11,'B',0),(84899157,1,10,'A',0);
/*!40000 ALTER TABLE `cursa` ENABLE KEYS */;
UNLOCK TABLES;

--
-- Table structure for table `estudiante`
--

DROP TABLE IF EXISTS `estudiante`;
/*!40101 SET @saved_cs_client     = @@character_set_client */;
/*!40101 SET character_set_client = utf8 */;
CREATE TABLE `estudiante` (
  `Cedula` int(11) NOT NULL COMMENT 'Cedula del estudiante',
  `Nombres` varchar(50) NOT NULL COMMENT 'Nombre del estudiante',
  `Apellidos` varchar(50) NOT NULL COMMENT 'Apellido del estudiante',
  `Direccion` varchar(100) DEFAULT NULL COMMENT 'Direccion del estudiante',
  `Correo` varchar(50) DEFAULT NULL COMMENT 'Correo del estudiante',
  `Numero_de_telefono` varchar(50) DEFAULT NULL COMMENT 'Numero de telefono del estudiante',
  `Fecha_de_nacimiento` date DEFAULT NULL COMMENT 'Fecha de nacimiento del estudiante',
  `Nombres_representante` varchar(100) DEFAULT NULL COMMENT 'Nombres del representante del estudiante',
  `Numero_de_telefono_representante` varchar(50) DEFAULT NULL COMMENT 'Numero de telefono del representante del estudiante',
  `Correo_representante` varchar(50) DEFAULT NULL COMMENT 'Correo del representante del estudiante',
  PRIMARY KEY (`Cedula`)
) ENGINE=InnoDB DEFAULT CHARSET=utf8 COMMENT='Informacion de estudiantes de la escuela tecnica popular don';
/*!40101 SET character_set_client = @saved_cs_client */;

--
-- Dumping data for table `estudiante`
--

LOCK TABLES `estudiante` WRITE;
/*!40000 ALTER TABLE `estudiante` DISABLE KEYS */;
INSERT INTO `estudiante` VALUES (24218040,'Edward Orlando Jose','Diaz Rodriguez','Petare - Barrio El Carmen','jackdryckk@gmail.com','','1900-01-01',NULL,NULL,NULL),(24812841,'AURELIO JOSE','GARCIA JIMENEZ','Petare Jose Felix Rivas','','04160125820','1900-01-01',NULL,NULL,NULL),(25038805,'Josema','Alvarez','Nvo circo','josema@gmail.com','02125457802','1900-01-01','Marco Alvarez','04120000000','04120000000'),(25038845,'Eta','Rivas','Mamera','eta@gmail.com','02120000000','1900-01-01','Beatriz Araujo de Rivas','04142000000','bea@gmail.com'),(25915319,'MARIANGEL','MONTAÑO TORRES','','','','1900-01-01',NULL,NULL,NULL),(25915621,'JOSE GREGORIO','OSPINO QUINTERO','Campo Rico - California','pinochoospino@hotmail.com','04142724229','1900-01-01',NULL,NULL,NULL),(25990683,'ANTOINE JOUSEPH','CARRASQUEL HERNANDEZ','Turumo, Caucaguita','hernandezantoine929@gmail.com','04142762707','1900-01-01',NULL,NULL,NULL),(26089657,'ELIANIR MICHEL','CEDEÑO FUENTES','','','','1900-01-01',NULL,NULL,NULL),(26104468,'Jose Gregorio','Ugas Quintero','Petare - Barrio Bolívar','iguq_3098@hotmail.com','04242816166','1900-01-01',NULL,NULL,NULL),(26104748,'Cesar Augusto','Recuero Castro','Petare - Barrio el Campito','recuero_21@hotmail.com','04128260093','1900-01-01',NULL,NULL,NULL),(26159867,'DENNY OSWALDO','BETANCOURT ASUAJE','Palo Verde - El Progreso','dennyoba@hotmail.com','04242343274','1900-01-01',NULL,NULL,NULL),(26159892,'DARIANYELI NOHEMI','LUDUEÑA QUINTERO','Petare 24 de Julio','darianyeli1998@hotmail.com','04264371053','1900-01-01',NULL,NULL,NULL),(26240687,'JOHAN JOSE','RODRIGUEZ MORAN','PEtare Barrio Union','johanr432@gmail.com','04164128280','1900-01-01',NULL,NULL,NULL),(26252786,'ANTONIO RAMON','VALERO MORALES','Caucaguita Turumo','antoniovalero7890@gmail.com','04162060002','1900-01-01',NULL,NULL,NULL),(26254899,'GILBERTH EDUARDO','ROJAS GIL','','','','1900-01-01',NULL,NULL,NULL),(26272185,'Cleyver David','Almenar Perez','','','','1900-01-01',NULL,NULL,NULL),(26312817,'EURIDICE','RAMOS BARRIOS','','','','1900-01-01',NULL,NULL,NULL),(26312856,'Daniel Antonio','Cordero Cordova','El Llanito, Las brisas','dcordero737@gmail.com','04149901079','1900-01-01',NULL,NULL,NULL),(26312869,'LENNYS GABRIELA','JIMENEZ ARAUJO','Petare 24 de Julio','jimenezlennys@hoymail.com','04168235794','1900-01-01',NULL,NULL,NULL),(26314221,'FERNANDO MOISES','GOMEZ MAYORCA','Brisas - Propatria','MOISESMGM@GMAIL.COM','','1900-01-01',NULL,NULL,NULL),(26334795,'LUIS FERNANDO','TAPIA RANGEL','Petare - Guarenas','luistapia_13@hotmail.com','04166198480','1900-01-01',NULL,NULL,NULL),(26367289,'NAILETH DEL CARMEN','TORRES TORRES','','','','1900-01-01',NULL,NULL,NULL),(26367291,'EMILY SOLIMAR','QUIJADA JUSTO','','','','1900-01-01',NULL,NULL,NULL),(26367368,'KEVIN RAFAEL','TEJADA CIFUENTE','Petare - Carpintero','kevintejada61@gmail.com','04242408938','1900-01-01',NULL,NULL,NULL),(26367652,'MAIKEL MANUEL','NOGUERA GIL','Petare - Vista hermosa','maikelnoguera56@hotmail.com','04168314006','1900-01-01',NULL,NULL,NULL),(26367666,'MOISES ALEJANDRO','GONZALEZ CASTRO','Petare','','04241591917','1900-01-01',NULL,NULL,NULL),(26367696,'KENY JOSE','YANES BLANCO','Petare barrio Torres','kenyjoseyanes@gmail.com','04123609507','1900-01-01',NULL,NULL,NULL),(26367730,'YUHANY RAFAEL','RODRIGUEZ VEGAS','Palo Verde - Jose Feliz RIvas','yrafael1998@hotmail.com','04168236250','1900-01-01',NULL,NULL,NULL),(26367994,'ANA KATIBETH','NAVARRO GONZALEZ','Petare','unatalkatty@gmail.com','04122079958','1900-01-01',NULL,NULL,NULL),(26368883,'JESUS ENRIQUE','VALERA DELGADO','Avenida Inter de Antimano','','04165194093','1900-01-01',NULL,NULL,NULL),(26411348,'JHONELSON ALEXANDER','SANZ MARTINEZ','Petare -  Barrio Nazareno','jhonelsonsanz@gmail.com','04162093052','1900-01-01',NULL,NULL,NULL),(26411620,'ALBEYLIS JOSEIRY','CORDELO VILERA','','','','1900-01-01',NULL,NULL,NULL),(26411890,'YORJELIS ALEJANDRA','GUERRERO SIMANCA','Filas de Mariche - Sector la veguita','yorjelis.guerrero97@hotmail.com','04125403063','1900-01-01',NULL,NULL,NULL),(26465748,'SUSAN PAOLA','ROMERO BURGUILLOS','','','','1900-01-01',NULL,NULL,NULL),(26476214,'JOSUE DAVID','CHAVEZ PLATA','Petare - 12 de Octubre','platajosue2016@hotmail.com','04241364620','1900-01-01',NULL,NULL,NULL),(26476867,'BRIAN JOSE','TERAN RONDON','Petare - La Bombilla (Sector 2)','','04142531678','1900-01-01',NULL,NULL,NULL),(26476948,'JOSE ANTONIO','RODRIGUEZ RODRIGUEZ','Petare - La Alcabala','','04261190587','1900-01-01',NULL,NULL,NULL),(26489028,'NERLLY MILAGROS','RADA OLIVARES','','','','1900-01-01',NULL,NULL,NULL),(26489086,'DENYELI DESIREE','ESPINOZA BRICEÑO','','','','1900-01-01',NULL,NULL,NULL),(26489187,'MARCEL ENRIQUE','BORRERO CARDENAS','','','','1900-01-01',NULL,NULL,NULL),(26489708,'Yuleidys del Carmen','Caibe Fernandez','Petare - 24 de Marzo','','04149130577','1900-01-01',NULL,NULL,NULL),(26510160,'BEYKER DAVID','HERRERA LOPEZ','El llanito  Las brisas','beykerherrera7@gmail.com','04149329877','1900-01-01',NULL,NULL,NULL),(26510169,'JOSE ALEJANDRO','LARA BOLIVAR ','Petare Barrio 5 de Julio','JosLara_22@hotmail.com','04241531781','1900-01-01',NULL,NULL,NULL),(26510391,'JHOEL JESUS','RAMIREZ MARCANO','Petare - La bombilla','','04165393749','1900-01-01',NULL,NULL,NULL),(26510791,'YORBIS GABRIEL','RODRIGUEZ MENDEZ','Petare 19 de Abril','','02128322695','1900-01-01',NULL,NULL,NULL),(26576175,'Andres Alfonso','Perez Viloria','Petare','andres_viloria_24@hotmail.com','04262185578','1900-01-01',NULL,NULL,NULL),(26576852,'Lina Fernanda','Barreto Lopez','Petare - José Félix Ribas','linabarreto0111@gmail.com','04123675530','1900-01-01',NULL,NULL,NULL),(26576944,'DENIREE PAOLA','GARCIA LLOVERA','Petare Barrio Union','deniree10@hotmail.com','04241951725','1900-01-01',NULL,NULL,NULL),(26596713,'ALBERTO JOSE','MACHADO PEÑA','Petare Jose Felix Rivas','machadoaj12@gmail.com','04165265025','1900-01-01',NULL,NULL,NULL),(26597388,'GABRIELA YULEISY','GARCIA PAEZ','','','','1900-01-01',NULL,NULL,NULL),(26597398,'DARIANNA','ACOSTA MAESTRE','Petare Barrio Union','dariacostama@gmail.com','04261051844','1900-01-01',NULL,NULL,NULL),(26597401,'NATASHA ROSMARY','ALVEACA CORDOVA','Petare, Barrio Union','natii_rosmary@hotmail.com','02126186177','1900-01-01',NULL,NULL,NULL),(26597633,'GEORGELIS STEFANY','MONCADA TERRAN','Petare - Carpintero','georgelis_26@hotmail.com','04267109629','1900-01-01',NULL,NULL,NULL),(26609697,'NICBER DAVID','RIVAS SULBARAN','Petare - La bombilla','joserivas_99@gmail.com','04129505959','1900-01-01',NULL,NULL,NULL),(26609795,'YADIRA YARLENIS','RODRIGUEZ PEREZ','','','','1900-01-01',NULL,NULL,NULL),(26610117,'JESUS ARMANDO','HERRERA PERNALETTE','Petare - La bombilla','','04241153755','1900-01-01',NULL,NULL,NULL),(26610299,'XIOLEIDY LORIANDRY','MACHADO ROMERO','','','','1900-01-01',NULL,NULL,NULL),(26610414,'Anniel Leonardo','Rodriguez Muñoz ','La Dolorita','annielleonardo15@gmail.com','04167188334','1900-01-01',NULL,NULL,NULL),(26610594,'DOUBLAS','OSPINO VILLALOBOS','','','','1900-01-01',NULL,NULL,NULL),(26628928,'DANIELA BEATRIZ','PARRA ATENCIA','','','','1900-01-01',NULL,NULL,NULL),(26647499,'EDUARDO JOSE','LOYO MALDONADO','La guaira','eduardolmaldonado@hotmail.com','04241788161','1900-01-01',NULL,NULL,NULL),(26672363,'EDGAR EDUARDO','AVILA GOMEZ','Petare ','','04142558912','1900-01-01',NULL,NULL,NULL),(26672645,'WENDERLY ALEXANDRA','SEGOVIA RIVAS ','Petare Carpintero','alexandrarivas_13@hotmail.com','04125300891','1900-01-01',NULL,NULL,NULL),(26672683,'JULIO CESAR','CAMACHO RAMIREZ','Petare - Carpintero','wilberCamacho.r05@gmail.com','02122586232','1900-01-01',NULL,NULL,NULL),(26726057,'JESUS ARMANDO','VETANCOURT AZUAJE','Caucaguta','franteras3198@gmail.com','04142142599','1900-01-01',NULL,NULL,NULL),(26726192,'Angel Joel','Ascanio Gimon','José Félix Ribas','joelascaniog@gmail.com','04242247715','1900-01-01',NULL,NULL,NULL),(26740215,'JESUS RAMON','RUIZ ACOSTA','GUAICOCO PETARE','ruizjesus982@gmail.com','04142165198','1900-01-01',NULL,NULL,NULL),(26766996,'PAOLA AEJANDRA','FARIAS APONTE','Petare','paolaalejandra2709@gmail.com','04120134164','1900-01-01',NULL,NULL,NULL),(26774558,'JESUS ANTONIO','RAMIREZ COLMENARES','Avenida Inter, de Antimano','26jesusramirez@gmail.com','04241900704','1900-01-01',NULL,NULL,NULL),(26779085,'MICHELL ENRIQUE','GALVAN OSPINO','Baruta, Las Minas - El Rosario','michellgal333@hotmail.com','04162106167','1900-01-01',NULL,NULL,NULL),(26809724,'Yohandry Gabriela','Rodriguez Rivas','Guaicoco, Los Hatico, P 36-B','y.gaby0111@gmail.com','02122420789','1900-01-01',NULL,NULL,NULL),(26809871,'ALEJANDRO JOSE','GARCIA MORALES','','','','1900-01-01',NULL,NULL,NULL),(26819046,'IBSEN ALEXIS','MARTINEZ RAMIREZ ','','','','1900-01-01',NULL,NULL,NULL),(26824134,'JHON EDUARDO','VIANA MORALES','Petare, comunidad 5 de Julio','jhon_e_viana@hotmail.com','02127159382','1900-01-01',NULL,NULL,NULL),(26824332,'DAYANA YETSIBETH','PEÑA MARTINEZ','','','','1900-01-01',NULL,NULL,NULL),(26824336,'Edie Javier','Mendoza Delgado','Petare - Barrio Metropolitano','edie_javier99@hotmail.com','04242171245','1900-01-01',NULL,NULL,NULL),(26824815,'EDUARDO JOSE','TERAN RODRIGUEZ','Petare San Blas','','04169007492','1900-01-01',NULL,NULL,NULL),(26868630,'SLAINE JOSEYLIN','MURO LUBO','','','','1900-01-01',NULL,NULL,NULL),(26911915,'DEIBERSON MOISES','GUILLE GONZALES','Los Dos Caminos, calle El centro.','deiberson_mmg@hotmail.com','04122059655','1900-01-01',NULL,NULL,NULL),(26915303,'YONAIKER JOSE','PAREDES MIJARES','Ocumare','Yoniparedes98@gmail.com','04267530880','1900-01-01',NULL,NULL,NULL),(26943008,'ENDERSON MIGUEL','VELASQUEZ OSORIO','Valle Fresco','endersonosorio1999@gmail.com','04141301106','1900-01-01',NULL,NULL,NULL),(26946205,'ANDERSON JESUS','VARGAS RAMIREZ','Boleita','andersonvrg25@gmail.com','','1900-01-01',NULL,NULL,NULL),(26946365,'DUBRASKA ZINADINE','TEJADA ROJAS','','','','1900-01-01',NULL,NULL,NULL),(26946464,'JAILEN GABRIELA','MEDINA MORALES','Petare El Caripito','jaileen_31medina@hotmail.com','04241765227','1900-01-01',NULL,NULL,NULL),(26946492,'Sojani Gabriel','Oses Sanchez','Petare, San Pascual, calle la calera','sjnoses99@gmail.com','04168185475','1900-01-01',NULL,NULL,NULL),(26946530,'STEPHANIE PAULIS','RODRIGUEZ DANIELE','Filas de Mariche, Vista hermosa','stephaniedaniele@outlook.es','04261254964','1900-01-01',NULL,NULL,NULL),(26946654,'Eudy Jose','Rivas Guzman','Carretera vieja Petare-Guarenas KM 15','eudy_rivas@hotmail.com','04268878890','1900-01-01',NULL,NULL,NULL),(26946848,'JOSE GABRIEL','GONZALEZ PIMENTEL','','','','1900-01-01',NULL,NULL,NULL),(26953352,'JOSE ALEJANDRO','RUIZ HERNANDEZ','Petare - Turumo','josekl_3000@hotmail.com','04261195287','1900-01-01',NULL,NULL,NULL),(26966020,'Andrew Alfredo','Gomez Correa','','','','1900-01-01',NULL,NULL,NULL),(26966364,'Brian Jose','Torres Mendoza','Petare - 1 de Noviembre','bjtm2911@hotmail.com','04264050824','1900-01-01',NULL,NULL,NULL),(26966575,'DOUGLAS DOQUENCI','TORRES SANDOVAL','Av. principal de Palo Verde, calle esperanza','douglastorres508@hotmail.com','04242434210','1900-01-01',NULL,NULL,NULL),(26966623,'MIGUEL ANGEL','LUGO AVILA','Petare','','04267112515','1900-01-01',NULL,NULL,NULL),(26993313,'Alejandro Antonio','Mora Muñoz ','Petare - José Félix Ribas','','04269110044','1900-01-01',NULL,NULL,NULL),(26993343,'Dahinelis Carolina','Teran Garces','Jose Felix Ribas Zona 6 El Maracucho','danielisteran@outlook.com','04149366864','1900-01-01',NULL,NULL,NULL),(26993411,'ROXANA DEL CARMEN','GONZALEZ OJEDA','Petare  - Carretera vieja Guarenas','roxanagonzalez_10@hotmail.com','04140865136','1900-01-01',NULL,NULL,NULL),(26993444,'Niurka Betania','Pereira Barrios','La Dolorita','niurkabetania@gmail.com','04142273082','1900-01-01',NULL,NULL,NULL),(26993941,'EDWIN ALEJANDRO','BRICEÑO MOZO','','','','1900-01-01',NULL,NULL,NULL),(26993981,'SAUL ADRIAN','OJEDA GALLARDO','Petare 5 de Julio','ojedasaul08@hotmail.com','04264376057','1900-01-01',NULL,NULL,NULL),(26996768,'JUAN ANDRES','CABALLERO BALLESTAS','','','','1900-01-01',NULL,NULL,NULL),(27007551,'Rafael Enrique','Trias Martinez ','Petare - Guaicoco','rafaeltrias@hotmail.com','04120166368','1900-01-01',NULL,NULL,NULL),(27007558,'LILIOSCA CRISTINA','MENDOZA ROBLES','','','','1900-01-01',NULL,NULL,NULL),(27007564,'Manuel Alejandro','Rivero Mata','Boleita Norte','','04129998888','1900-01-01',NULL,NULL,NULL),(27007671,'David Alejandro','Seitiffe Torres ','Lomas del Ávila','minivaina99@gmail.com','04163436227','1900-01-01',NULL,NULL,NULL),(27007783,'Juan Carlos','Rodriguez Teran','Petare','','04169158567','1900-01-01',NULL,NULL,NULL),(27031140,'Francisco Antonio','Castro Delgado','Caucaguita edificio 47, apto 09-104','francisquito05@gmail.com','04262122810','1900-01-01',NULL,NULL,NULL),(27039133,'Jhorman Alexander','Guarisma Blanco','Turumo - Caucaguita','justdoit@gmail.com','04128155491','1900-01-01',NULL,NULL,NULL),(27039134,'Ana Carolina','Fernandez Perez','Caucaguita - Turumo','','04123991552','1900-01-01',NULL,NULL,NULL),(27099041,'DANIELA CAROLINA','FLORES MANRIQUE','','','','1900-01-01',NULL,NULL,NULL),(27111711,'CRISTOPHER LUIS','MOROCOIMA HERNANDEZ','','','04161059514','1900-01-01',NULL,NULL,NULL),(27111727,'GILBERTO EDUARDO','MILANO OLARTE','Via Guarenas, Cauraguita','gilbertomilano05@yahoo.com','04142644879','1900-01-01',NULL,NULL,NULL),(27111856,'Cristhian Eduardo','Diaz Duque','Campo Rico - Petare','lmfao.8064@gmail.com','04268144065','1900-01-01',NULL,NULL,NULL),(27111858,'KELVIN MANUEL','VILLAFAÑES ORTIZ ','Caucaguita K13','villafaeskelvin033@gmail.com','04125436588','1900-01-01',NULL,NULL,NULL),(27111889,'Jhoiner Giovanny','Rosa Noda','Caucaguita El Carmen','jhoiner1@hotmail.es','04161042432','1900-01-01',NULL,NULL,NULL),(27111953,'Wladimir Jose','Ferreira Arroyo','Carretera Vieja Petare - Guarenas','wladimirferreira2014@hotmail.com','04268202005','1900-01-01',NULL,NULL,NULL),(27111956,'ALEXIS JESUS','FERREIRA ARROYO','Petare - Guarenas','alexijesusferreira@hotmail.com','04122091503','1900-01-01',NULL,NULL,NULL),(27130095,'DAYAN ANDRES','Arroyo Camargo','Petare - Carpintero','','04120201039','1900-01-01',NULL,NULL,NULL),(27130849,'VICTORIA','PAREDES AGUERO','Campo Rico','victory061999@hotmail.com','04169874785','1900-01-01',NULL,NULL,NULL),(27159100,'JOSE DAVID','MACHACON TELIS','Petare Julian Blanco','josetelis3@gmail.com','04142107745','1900-01-01',NULL,NULL,NULL),(27159103,'IRWIN JOSE','SANZ PONCE ','','','','1900-01-01',NULL,NULL,NULL),(27159493,'Edison Alberto','Salazar Gonzalez','Las Brisas de Petare','oabolie28@yahoo.com','04268343073','1900-01-01',NULL,NULL,NULL),(27159726,'Diosmar Adrian','Brito Ascanio','José Félix Ribas','britodiosmar@gmail.com','04141350637','1900-01-01',NULL,NULL,NULL),(27159735,'Angelo Abraham','Morales Ascanio','José Félix Ribas','angelo.abraham_morales@hotmail.com','04262050081','1900-01-01',NULL,NULL,NULL),(27187565,'JAVIER ANTONIO','GUERRERO GONZALEZ','Petare - El Nazareno','ghoqguerrero@gmail.com','04142249156','1900-01-01',NULL,NULL,NULL),(27200566,'SAID JESUS','VASQUEZ CHAMBER','','','','1900-01-01',NULL,NULL,NULL),(27218355,'MICHELL ALEXANDRA','ESPINOZA GAMBOA ','Petare la bombilla','m_alexandra_eg@hotmail.com','04142920621','1900-01-01',NULL,NULL,NULL),(27218689,'LUZ MARINA','VIERAS MARIN','Petare San Blas','','04143778480','1900-01-01',NULL,NULL,NULL),(27223509,'Carlos Javier','Rodriguez Lobaton','','','','1900-01-01',NULL,NULL,NULL),(27246097,'LUIS MIGUEL','ALLEN MARIN','Los Cortijos','luis_m_allen@hotmail.com','04241982715','1900-01-01',NULL,NULL,NULL),(27246665,'Adrian Daniel','Cartajena Acosta','Jose Felix Ribas, zona 5 escalera 4','adrianchi94@gmail.com','04242182408','1900-01-01',NULL,NULL,NULL),(27246779,'Daniel Alejandro','Fajardo Duran','Av. Los Chorros','','02124167637','1900-01-01',NULL,NULL,NULL),(27246998,'Jean Carlos','Villafañe Arias','','','','1900-01-01',NULL,NULL,NULL),(27283785,'JOSISNETH EYLIN','CORTEZ AVENDAÑO','','','','1900-01-01',NULL,NULL,NULL),(27295248,'ANGIE GISELLE','CERREÑO HERRERA','','','','1900-01-01',NULL,NULL,NULL),(27295296,'MICHELL ALBERTO','LABRADOR MOTA','','','','1900-01-01',NULL,NULL,NULL),(27295319,'YEIKER ANTONIO','GODOY GALLARDO','Petare - La Dolorita','yeikergodoy@gmail.com','04140310031','1900-01-01',NULL,NULL,NULL),(27295999,'GEOMAR ANTONIO','GONZALES MURO','Petare - San Blas','GeomarGonzalez@hotmail.com','04166144800','1900-01-01',NULL,NULL,NULL),(27321523,'Jose Gregorio','Bravo Guzman','Petare - El Cerrito','','04140196759','1900-01-01',NULL,NULL,NULL),(27321875,'Ivanois Duvan','Perez Mundarain','Petare - José Féliz Ribas','ivanoisperez7@gmail.com','04242358485','1900-01-01',NULL,NULL,NULL),(27322291,'Juan Jose','Gonzalez Castellano ','Petare - Barrio Bolívar','jjgonga2424@gmail.com','04142383702','1900-01-01',NULL,NULL,NULL),(27332369,'RAFAEL ALEJANDRO','RENGIFO IZQUIEL','Petare Jose Felix Rivas','zylerplox@gmail.com','04169150882','1900-01-01',NULL,NULL,NULL),(27333163,'ABRAHAM NOE','CARRASQUEL RUIZ','Petare, Guaicoco, Rosa Maria','','04149176417','1900-01-01',NULL,NULL,NULL),(27333819,'Jose Alejandro','Albarran Echenagucia','Campo Rico - Petare','josealejandroalbarran@gmail.com','04142325601','1900-01-01',NULL,NULL,NULL),(27342125,'Angela Lisbeth','Cañongo Reyes','Petare - La Dolorita','','04149212285','1900-01-01',NULL,NULL,NULL),(27344221,'Enderson Jesus','Caseres Gomez','San Pascual - Petare','endercaceres3@gmail.com','02129376975','1900-01-01',NULL,NULL,NULL),(27346211,'MARTIN ELIAS','RINCON ZAMBRANO','Petare - Palo Verde, Urb. Leoncio','','02127149162','1900-01-01',NULL,NULL,NULL),(27346614,'Hendry Luis','Araujo Angel ','Petare - La Ceiba','hendryluisaa@hotmail.com','04149182170','1900-01-01',NULL,NULL,NULL),(27346919,'JESUS ANTONIO','DURAN MOLINARES','Petare - Guarenas, El aguacatico','duranjesus308@gmail.com','04263564326','1900-01-01',NULL,NULL,NULL),(27359345,'Bemjamin Abraham','Perez Longa','Guatire - Parque Alto','abrahammozo5@hotmail.com','04241542637','1900-01-01',NULL,NULL,NULL),(27359360,'Moises Aaron','Avila Goita ','Petare - Barrio Unión','moises_avila2013@hotmail.com','04149119817','1900-01-01',NULL,NULL,NULL),(27371276,'Danyer Leonardo','Tovar Guillen ','Mariche ','peligroleo2000@hotmail.com','04129969682','1900-01-01',NULL,NULL,NULL),(27371287,'YONAIKER DE JESUS','PEÑA ZAMBRANO','','','','1900-01-01',NULL,NULL,NULL),(27374199,'RICARDO AFONSO','VILLAMIZAR RIVERA','Catia, el Cuartel','rikirey-1999@hotmail.com','04127255271','1900-01-01',NULL,NULL,NULL),(27391414,'Daniela Fernanda','Mata Ramirez','La California','mata-daniela@hotmail.com','04142869319','1900-01-01',NULL,NULL,NULL),(27401098,'Ruddy Gabriela','Martinez Carrero','Petare Barrio Union el carmen','ruddymartinez7@gmail.com','04122916560','1900-01-01',NULL,NULL,NULL),(27401133,'DIXLAN JAVIER','BARRIOS MONTILLA','El Llanito','dixlanmontilla@gmail.com','04268165814','1900-01-01',NULL,NULL,NULL),(27426112,'LEANDRO ABRAHAN','LIENDO OJEDA','Petare, San Pascual','lian27426112o@gmail.com','04149000590','1900-01-01',NULL,NULL,NULL),(27426203,'Paola Nalleris','Seijas Valero','','','','1900-01-01',NULL,NULL,NULL),(27426295,'Abraham Isidro','Duran Zorrilla ','Petare - Nazareno','duranabraham@hotmail.com','04241113977','1900-01-01',NULL,NULL,NULL),(27426674,'ROYMAN ALEJANDRO','RODRIGUEZ CORRALES','Palo verde - Avenida principal','roymanrc@hotmail.com','04129301866','1900-01-01',NULL,NULL,NULL),(27426758,'Victor Daniel','Baller Perez ','San Blas - Petare','davidballer@outlook.com','04142260600','1900-01-01',NULL,NULL,NULL),(27426859,'Bryan Jose','Suarez Rangel','Petare - Barrio Bolívar','','04164173952','1900-01-01',NULL,NULL,NULL),(27439674,'Hector Gabriel','Damas Monasterios','La Dolorita','hectorgabrieldm@hotmail.com','04161317702','1900-01-01',NULL,NULL,NULL),(27439912,'NATACHA MAILET','RAMOS CHACON','Petare Jose Felix RIvas','','04122938789','1900-01-01',NULL,NULL,NULL),(27448064,'Oriana Lucia','Martinez Saravia','Guaicoco, vuelta del gato','orianalms@gmail.com','04167004020','1900-01-01',NULL,NULL,NULL),(27448072,'Moises David','Quintero Paiva','California - Campo Rico','moisesvladimir@hotmail.com','04169051588','1900-01-01',NULL,NULL,NULL),(27448299,'Sara Esmeralda','Peña Cordero','Petare, Carpintero, el puente','sara.esmeralda.16@gmail.com','04241767674','1900-01-01',NULL,NULL,NULL),(27448779,'Leonardo Rafael','Castellanos Hernandez','Guaicoco - Petare','leorafacastellano@hotmail.com','04241620421','1900-01-01',NULL,NULL,NULL),(27448834,'Ambar Luzcali','Sanchez Meza ','','','04162667310','1900-01-01',NULL,NULL,NULL),(27448869,'Jhexend Alexander','Marcano Rodriguez ','Petare - El Esfuerzo','scooby_doo2411@hotmail.com','04248906226','1900-01-01',NULL,NULL,NULL),(27448877,'ERICK JOHAN','MENDEZ VELASQUEZ','Petare - Barrio 19 de abril','mendezerickj@hotmail.com','02122443495','1900-01-01',NULL,NULL,NULL),(27449807,'YEIBER GABRIEL','LOPEZ ROMERO','Palo verde, zona 5','Yeiberpo@gmail.com','04125971261','1900-01-01',NULL,NULL,NULL),(27449886,'Maura Yuleika','Palacio Castillo','Carretera Vieja Petare - Guarenas','yulepalacio7@gmail.com','04168388163','1900-01-01',NULL,NULL,NULL),(27449915,'JEYNER NOEL','VELIZ DIAZ','','','','1900-01-01',NULL,NULL,NULL),(27449923,'Daniel Andres','Crespo Castillo','Carretera Petare-Guarenas KM13 sector el carmen, casa 55','crespo_dani00@hotmail.com','04241324859','1900-01-01',NULL,NULL,NULL),(27450002,'SCARLETH MARIA','ROMERO RODRIGUEZ','Petare La Alcabala','','04144795612','1900-01-01',NULL,NULL,NULL),(27488079,'Isaac Jesus','Bello Azuaje','Julián Blanco - Mariche','isaac.j0108@hotmail.com','04264865036','1900-01-01',NULL,NULL,NULL),(27488105,'Yanitza Carolina','Suarez Fuentes','Carretera Petare Guarenas kilo 3 Barrio metropolitano','yanitzalabebita@hotmail.com','04264176624','1900-01-01',NULL,NULL,NULL),(27488417,'KLEIBER DANIEL','VARGAS PEREZ','Petare Barrio Union','kleibervargas123@gmail.com','04162189861','1900-01-01',NULL,NULL,NULL),(27488634,'Jose Andres','Hernandez Mendoza','Los Dos Caminos','j.a.hm1610@gmail.com','04149083632','1900-01-01',NULL,NULL,NULL),(27488666,'MIGUEL EDUARDO','DIAZ ROJAS','Boleita','miguel.diaz09@hotmail.com','04241846603','1900-01-01',NULL,NULL,NULL),(27488670,'Anthony Alejandro','Carrillo Molina','Carretera Petare - Santa Lucía','anthonyeselnene@gmail.com','04164117610','1900-01-01',NULL,NULL,NULL),(27488674,'Sixto Luis','Puente Liebano ','Petare - 5 de Julio','puentesixto@gmail.com','04263146681','1900-01-01',NULL,NULL,NULL),(27488982,'CARLOS JAVIER','VILLERO VILLERO','','','','1900-01-01',NULL,NULL,NULL),(27513098,'Jean Alfonso','Carmona Gil','Caucaguita ','jeanc27513098@gmail.com','04162461187','1900-01-01',NULL,NULL,NULL),(27545150,'JUAN JHOYNNER','RUIZ MUÑO','','','','1900-01-01',NULL,NULL,NULL),(27545280,'Raiverzon Jesus','Marquez Carrillo','','','','1900-01-01',NULL,NULL,NULL),(27545281,'Marlys Dayana','Chavez Plata ','Petare - 19 de Abril','mar_plata02@hotmail.com','04142266564','1900-01-01',NULL,NULL,NULL),(27545403,'Laura Vanesa','Sanchez Barrios ','Caucaguita','celeste-12.virgo@hotmail.com','04165396311','1900-01-01',NULL,NULL,NULL),(27545417,'JAVID JUNIOR','VILLA URBINO','Petare','','04127064655','1900-01-01',NULL,NULL,NULL),(27545789,'JOSE ENRRIQUE','PEÑA ALVARADO','','','','1900-01-01',NULL,NULL,NULL),(27545830,'Lufrannys Del Valle','Romero Cabeza','Petare Barrio Union V6','jufrannysromero@gmail.com','04142030562','1900-01-01',NULL,NULL,NULL),(27545912,'Danny Johander','Ballestero Niño','Carretera Petare - Santa Lucía','darknessdancer34@gmail.com','04129597338','1900-01-01',NULL,NULL,NULL),(27588620,'Reinaldo Jose','Perez Sanchez','Caucaguita','reyps04@gmail.com','04264106689','1900-01-01',NULL,NULL,NULL),(27588725,'LAURIN OKASSANA','PONCELEON PONCELEON','Petare','','04160702402','1900-01-01',NULL,NULL,NULL),(27588996,'DEILYS ARYAM','HURTADO PEÑA','Petare','deilyshurtado@gmail.com','04169399041','1900-01-01',NULL,NULL,NULL),(27622655,'Niorlem Alejandra','Niño Otero','Carretera Petare - Guarenas','norlem@hotmail.com','04162183886','1900-01-01',NULL,NULL,NULL),(27622859,'Angie Andreina','Duque Camacho','','','','1900-01-01',NULL,NULL,NULL),(27624610,'Jhonnaiker Wilfredo','Caracas Valladares','','','','1900-01-01',NULL,NULL,NULL),(27624819,'Jefferson Daniel','Gutierrez Castillo','Petare - Nazareno','yefo-castillo@hotmail.com','04269113899','1900-01-01',NULL,NULL,NULL),(27624878,'MARLON ARLEY','OSPINO ESCORCIA','Petare Barrio Guaicoco','marlonospino5@gmail.com','04241801924','1900-01-01',NULL,NULL,NULL),(27624905,'ANGERLYS NATHALY','MATA ARELLANO','Petare - Dolorita','angerlysnathalymata2020@gmail.com','04142480585','1900-01-01',NULL,NULL,NULL),(27625201,'Johann Jesus','Arena Arteaga','Petare - Barrio Carpintero','jjesusarenas18@gmail.com','04143063786','1900-01-01',NULL,NULL,NULL),(27659293,'Leonardo David','Carnicella Chacon ','','','','1900-01-01',NULL,NULL,NULL),(27660856,'Jonay Daniel','Muñoz Marquez','La Dolorita','jonaydaniel.574@gmail.com','02125836931','1900-01-01',NULL,NULL,NULL),(27671132,'Wilendy del Carmencita','Casique Romeron','Caucaguita - La \"I\"','wilendycasique@hotmail.com','04129012778','1900-01-01','Josema Velazquez','04242014587','epale@gmail.com'),(27692858,'Maiikol Antonio','Rodriguez Navarro','Petare - San Jose','maikolrodriguez07@gmail.com','','1900-01-01',NULL,NULL,NULL),(27692921,'Angel Luis','Garcia Hernandez','San Blas - Petare','','04167217565','1900-01-01',NULL,NULL,NULL),(27693166,'Dario Alejandro','Vega Romero','Petare - José Félix Ribas','dario2020@hotmail.com','04169242226','1900-01-01',NULL,NULL,NULL),(27693200,'Gabriel Alejandro','Martinez Marin','Petare - 19 de Abril','gabrielmartinez.12@hotmail.com','04261677670','1900-01-01',NULL,NULL,NULL),(27693218,'Jose Francisco','Garcia Peraza ','Guatire - Barrio Las Barrancas','jose_jfrancisco@hotmail.com','02123445632','1900-01-01',NULL,NULL,NULL),(27693277,'Diego Armando','Teran Villegas','Petare, La agricultura 1ero de Noviembre','teran_armando_diego@hotmail.com','04263502838','1900-01-01',NULL,NULL,NULL),(27703414,'WESLER ALEXANDER','SANCHEZ RUIZ','La Urbina. Avenida princial.','wesler18@hotmail.com','04242563673','1900-01-01',NULL,NULL,NULL),(27703423,'Victoria Greis Jade','Hoyos Sanojas','Petare la 37, sector mesuca','hvictorya30@hotmail.com','04194129488','1900-01-01',NULL,NULL,NULL),(27703437,'Jose Angel','Restrepo Gualdron','La Dolorita','restrepoj313@gmail.com','04143653579','1900-01-01',NULL,NULL,NULL),(27704060,'Gabriel Alejandro','Hernandez Salinas ','José Féliz Ribas','robertometro2do@hotmail.com','04241082032','1900-01-01',NULL,NULL,NULL),(27752874,'Agelim Chiquinquira','Ascanio Ramirez','Capuchinos - San Martín','weedzyramirez@gmail.com','02124610790','1900-01-01',NULL,NULL,NULL),(27761518,'Carlos Javier','Nieto Teran','Petare','javiernt8200l@hotmail.com','04122042287','1900-01-01',NULL,NULL,NULL),(27769120,'Jordan Alfonso ','Escalona Escalona','Petare - La 37','jordan1020@hotmail.com','02122933639','1900-01-01',NULL,NULL,NULL),(27769131,'Joel Leonardo','Parra Duarte','','','','1900-01-01',NULL,NULL,NULL),(27769161,'Sander Jose','Reyes Fuentes','','','','1900-01-01',NULL,NULL,NULL),(27769229,'RHINA PAOLA','ZERPA TERAN','Petare 2da 37','rhina_zerpa@hotmail.com','04169101617','1900-01-01',NULL,NULL,NULL),(27769263,'Enzon Enmanuel','Contreras Guerra','Petare - Barrio Unión','','04167128885','1900-01-01',NULL,NULL,NULL),(27769352,'GRISELLE MILAGROS','DIAZ VILLALOBOS','','','','1900-01-01',NULL,NULL,NULL),(27769441,'Bernis Onas','Mendoza Gonzalez','Las Brisas del Llanito','','04167157382','1900-01-01',NULL,NULL,NULL),(27769447,'Grace Patricia','Zambrano Rincon ','Palo Verde','patty.onedirection@gmail.com','04129959221','1900-01-01',NULL,NULL,NULL),(27769449,'Germain Xavier','Acosta Rodriguez','Palo Verde - Lomas del Ávila','geeracosta@hotmail.com','04241035472','1900-01-01',NULL,NULL,NULL),(27769483,'Nuris Franyeli','Rivas Urbina ','Petare - 19 de Abril','nurysyeli@live.com.mx','04242941132','1900-01-01',NULL,NULL,NULL),(27769609,'Mauro Alexzander','Reyes Rivas ','','','','1900-01-01',NULL,NULL,NULL),(27769614,'JINDERLY YUSMEILY','BARRETO TOVAR','Caucaguita - El Carmen','jinderlybarreto@gmail.com','04266138454','1900-01-01',NULL,NULL,NULL),(27769674,'Jeison Andres','Chiquillo Esteila','Petare - Turumo','jeisonandresesteila@hotmail.com','04140127544','1900-01-01',NULL,NULL,NULL),(27769849,'Reminton Brosnan','Bracho Dominguez','','','','1900-01-01',NULL,NULL,NULL),(27769932,'Jhonaiker Alexis','Gomez Velasquez','Petare - 19 de Abril','jhonaikergomez2015@gmail.com','04241263363','1900-01-01',NULL,NULL,NULL),(27770003,'Omar Enrique','Rodriguez Melendez ','','','','1900-01-01',NULL,NULL,NULL),(27770256,'Sergio Alexander','Narvaez Vargas','Petare - Barrio Bolívar','sergionarvaezv@gmail.com','','1900-01-01',NULL,NULL,NULL),(27772211,'Vivian Alexandra','Rojas Montoya','Palo Verde','vivianalexandra.rojas@hotmail.com','04261062493','1900-01-01',NULL,NULL,NULL),(27788897,'Jouse Jose','Torres Ñañez','','','','1900-01-01',NULL,NULL,NULL),(27790051,'JENNIFER KARELIS','MOLINARES SUESCUN','','','','1900-01-01',NULL,NULL,NULL),(27790147,'Rossnelli Judith','Marrero Berroteran','Julián Blanco','rossne2016@gmail.com','04249210164','1900-01-01',NULL,NULL,NULL),(27790281,'Loriannys Michelle','Romero Cabeza','Petare - Barrio Unión','','04241406295','1900-01-01',NULL,NULL,NULL),(27790452,'Jhostyn Moises','Junco Sumba','Petare - Santa Lucía - Julián Blanco','jhostynmoisesjunco@hotmail.com','04168209825','1900-01-01',NULL,NULL,NULL),(27790472,'Luis Sebastian','Bello Oviedo','','','','1900-01-01',NULL,NULL,NULL),(27790901,'ANJOHNNY SAMUELL','GAMEZ DELFIN','Petare Turumo','anjohnny@hotmail.com','04163146508','1900-01-01',NULL,NULL,NULL),(27790952,'Tifany Nahomi','Suarez Corro ','Carretera Vieja San Isidro','tifanysuarez@hotmail.com','04148997096','1900-01-01',NULL,NULL,NULL),(27793842,'Marcelo Alejandro','Diaz Diaz','Montalbán - Antímano','marcelo-a-d-diaz@hotmail.com','04128274425','1900-01-01',NULL,NULL,NULL),(27794045,'David Alejandro','Martinez Muñoz','San Agustín Sur','cinededavid@hotmail.com','04261345561','1900-01-01',NULL,NULL,NULL),(27818422,'Frank Eduardo','Rodriguez Miranda','Mariche','frank.rodriguez15@gmail.com','04128110176','1900-01-01',NULL,NULL,NULL),(27818571,'Jonas Alejandro','Padron Morgado','','','','1900-01-01',NULL,NULL,NULL),(27818583,'Aurismar Carolina','Rodriguez Rodriguez','','','','1900-01-01',NULL,NULL,NULL),(27818592,'ALBERTO ANTONIO','YANEZ MACHADO','Petare - Barrio Union','alberto.f_99@hotmail.com','04261064535','1900-01-01',NULL,NULL,NULL),(27818596,'Rafael Angel','Romero Martinez','Barrio Unión - Petare','rafaelitorm@hotmail.com','04168287593','1900-01-01',NULL,NULL,NULL),(27818835,'Andriu Alexander','Cedeño Mendez','','','','1900-01-01',NULL,NULL,NULL),(27818877,'Richard Samuel','Gil Quintana','','','','1900-01-01',NULL,NULL,NULL),(27818944,'Juan Pablo','Pacheco Bracamonte ','','','','1900-01-01',NULL,NULL,NULL),(27860405,'Jusset Isael','Serrano Segura','Ciudad Caribia - Vargas','jussetserrano2017@hotmail.com','02123579589','1900-01-01',NULL,NULL,NULL),(27879185,'Gian Franco','Guidicelli Diaz','','','','1900-01-01',NULL,NULL,NULL),(27883682,'Kenyember Jose','Ramos Key','Petare - José Felix','kenyer_15@outlook.com','04168365443','1900-01-01',NULL,NULL,NULL),(27915953,'Yormiguel Luis','Lopez Guerrero','Caucaguita, KM 13','yormiguel.lope@facebook.com','04242452709','1900-01-01',NULL,NULL,NULL),(27916045,'Jhostin Jose','Velazquez Quijada','Guarenas','','04267042656','1900-01-01',NULL,NULL,NULL),(27916155,'Reddy Orlando','Puentes Mejias','','reddypuentes@hotmail.com','','1900-01-01',NULL,NULL,NULL),(27916560,'Jonaly Maria','Rojas Torres','','','','1900-01-01',NULL,NULL,NULL),(27916722,'Ludwuing Jose','Contreras Pinto','Agua Salud','ludwuingcontreras@gmail.com','04142420770','1900-01-01',NULL,NULL,NULL),(27978086,'DYLAN ALBERTO','ACOSTA MORA','Petare - Barrio carpintero','dylanacosta5@gmail.com','','1900-01-01',NULL,NULL,NULL),(27978116,'Jeyker Steven','Herrera Palacios','Petare - Carpintero','jeykercry@gmail.com','04262616984','1900-01-01',NULL,NULL,NULL),(27978507,'Diego Andres','Romero Ramirez','','','','1900-01-01',NULL,NULL,NULL),(27978695,'Brian Antonio','Cifuentes Castillo','Petare','briancifuentes10@gmail.com','04242028436','1900-01-01',NULL,NULL,NULL),(27978799,'Andrea Valentina','Beomont Yanez ','Petare - 5 de Julio','yanezandreav@gmail.com','02122414463','1900-01-01','Rocio Garcia','04120000000','roc@hotmail.com'),(27978839,'Luis Angel ','Hernandez Gamboa ','Caucaguita - El Carmen ','luishernandezgamboa@gmail.com','02122441185','1900-01-01',NULL,NULL,NULL),(28006317,'Ezequiel David','Ibarra Valera','Guatire - Antares del Ávila','ezequiel-davith@hotmail.com','04241510644','1900-01-01',NULL,NULL,NULL),(28006892,'WENDY','BLANCO GONZALES ','Petare, La bombilla','wendyblanco1997@gmail.com','04166144977','1900-01-01',NULL,NULL,NULL),(28007026,'Eduard Wladimir','Artiga Acosta','Brisas de Petare','','04165964246','1900-01-01',NULL,NULL,NULL),(28007071,'Marlon Alejandro','Perozo Hernandez ','Petare - El Llanito','marlon123alejandro@gmail.com','04129588373','1900-01-01',NULL,NULL,NULL),(28007205,'Wilkely Alexandra','Matos Lozada','','','','1900-01-01',NULL,NULL,NULL),(28007320,'Josue Steven','Aponte Duran ','','','','1900-01-01',NULL,NULL,NULL),(28007419,'Stefany Alejandro','Castillo Martinez','Petare - Barrio Bolívar','tefv.alei22@gmail.com','04242196200','1900-01-01',NULL,NULL,NULL),(28007425,'Albanys Karolina','Machado Peña','','','','1900-01-01',NULL,NULL,NULL),(28007444,'Katiuska Aracelis','Tovar Barreto ','','','','1900-01-01',NULL,NULL,NULL),(28007533,'Deivi Tomas','Ponce Silva','Petare, La agricultura 2da calle, callejon el carmen','deivifonce3@gmail.com','04268055597','1900-01-01',NULL,NULL,NULL),(28007535,'Erineck Yilberly','Rangel Ramirez','Petare - La Agricultura','yilberly@hotmail.com','02122517038','1900-01-01',NULL,NULL,NULL),(28007546,'Wilyer Jesus','Osto Sosa','Petare - La Paz','wilyersos@gmail.com','04169056634','1900-01-01',NULL,NULL,NULL),(28007694,'MARIANGELA DEL CARMEN','TOVAR GUTIERREZ','','','','1900-01-01',NULL,NULL,NULL),(28007782,'Danyerlic Francelys','Valera Justo ','','','','1900-01-01',NULL,NULL,NULL),(28014115,'Andres Alejandro','Rodriguez Cabeza','Petare','andrespere_@hotmail.com','','1900-01-01',NULL,NULL,NULL),(28014412,'Gerson Ramon','Febres Rodriguez','Jose Felix Ribas, zona 10, escalera 15','gersonfebre@gmail.com','02129108079','1900-01-01',NULL,NULL,NULL),(28015421,'Yeison Enrique','Bolivar Venales','Palo Verde - José Félix Ribas - Zona 6','yeison.bolivar.venales@gmail.com','04142341324','1900-01-01',NULL,NULL,NULL),(28015915,'Karelys Randely','Rivero Garcia','La Dolorita','karelysrivero297@gmail.com','04266892756','1900-01-01',NULL,NULL,NULL),(28052112,'Pedro Luis','Moreno Villarroel','Petare - José Félix Ribas','pedromoreno2012@hotmail.com','02128937310','1900-01-01',NULL,NULL,NULL),(28052196,'Branklin Salvador','Rodriguez Daniele','Vista Hermosa - Petare','branklin36@gmail.com','04160140065','1900-01-01',NULL,NULL,NULL),(28052197,'Elvis Josue','Marchena Andrade','','','','1900-01-01',NULL,NULL,NULL),(28052338,'Daiver Ivan','Lara Rondon','Petare - Barrio Unión ','daiver-2014@hotmail.com','04120244901','1900-01-01',NULL,NULL,NULL),(28052473,'Norland Jesus','Rodriguez Torres','Petare - La Agricultura','norlandrodriguez12@gmail.com','04143283078','1900-01-01',NULL,NULL,NULL),(28052474,'Gabriel Eduardo','Escalona Pacheco','','','','1900-01-01',NULL,NULL,NULL),(28052569,'Jorge Manuel','Torres Mendoza ','Petare - Guicoco','jt462018@gmail.com','04140292603','1900-01-01',NULL,NULL,NULL),(28052726,'Daniel Nicolas','Blanco Torres','Petare - Guarenas','danielklan92@gmail.com','04169119850','1900-01-01',NULL,NULL,NULL),(28052971,'Joan Gabriel','Marquez Gomez','Carpintero - Petare - Valle Alto','','04242086534','1900-01-01',NULL,NULL,NULL),(28053300,'Kewis Yonier','Baez Perez','Petare - Campo Rico','kewis-2001@hotmail.com','04261051867','1900-01-01',NULL,NULL,NULL),(28053393,'Dainer Josue','Hernandez Caracas','Caucaguita - El Bruzón','dainerjosue_2013@hotmail.com','04266072647','1900-01-01',NULL,NULL,NULL),(28053753,'Franyerlis','Alcazar Mercado','Guarenas - Ciudad Belen','framyelis815@gmail.com','04269004010','1900-01-01',NULL,NULL,NULL),(28058266,'Yolfran David','Castro Zambrano','Caucaguita - El Carmen ','yolfran04@gmail.com','04243996819','1900-01-01',NULL,NULL,NULL),(28076457,'Katherine Cecilia','Mayorga Dickson ','','','','1900-01-01',NULL,NULL,NULL),(28101501,'Daniela de la Concepcion','Carrillo Tovar','Petare - Barrio El Encantado','danielacarrillo966@gmail.com','04168194008','1900-01-01',NULL,NULL,NULL),(28101680,'Luis Manuel','Barcelo Gonzalez','La Dolorita - Mariche','barcelox28101680@gmail.com','04265209719','1900-01-01',NULL,NULL,NULL),(28101714,'Hector David','Marin Pereira','','','','1900-01-01',NULL,NULL,NULL),(28115522,'MARGARETH','WOLFERT TORRES','','','','1900-01-01',NULL,NULL,NULL),(28116113,'Alejandro Jose','Gudiño Briceño ','Petare - La Dolorita','alejandro26jgb@hotmail.com','04242659775','1900-01-01',NULL,NULL,NULL),(28116186,'LUIS ALEXANDER','BUSTAMANTE ORTIZ','Jose Feliz Rivas, zona 5','rapidoyfurioso19991@hotmail.com','02123397902','1900-01-01',NULL,NULL,NULL),(28116237,'JOYSIBEL ANDREA','DIAZ HERNANDEZ','Petare, Carpintero, calle Santa Ana','ojitosjoysibel@hotmail.com','04168113601','1900-01-01',NULL,NULL,NULL),(28116269,'Johander Daniel','Moncada Caracas','','','','1900-01-01',NULL,NULL,NULL),(28116623,'Lisandro Heiderk','Lugo Benavente','Caucaguita - Los Bloques','lisandrolugo_269@hotmail.com','04164139813','1900-01-01',NULL,NULL,NULL),(28116858,'Jose Gregorio','Montilla Mejias','','','','1900-01-01',NULL,NULL,NULL),(28117130,'Miguel Angel','Manotas Pacheco','','','','1900-01-01',NULL,NULL,NULL),(28135158,'Deiver Alexander','Molina Perez ','','','','1900-01-01',NULL,NULL,NULL),(28143615,'Norkelys del Carmen','Manzanilla Ramirez','San Agustín Norte','norkys10.escorpion@gmail.com','04261246830','1900-01-01',NULL,NULL,NULL),(28146413,'Luis Miguel','Herrera Rondon','Petare - Carpintero','luismhr12@hotmail.com','04166128542','1900-01-01',NULL,NULL,NULL),(28154139,'Victor Hugo','Torres Lara','Artigas - Atlántico','victorhugotorreslara@gmail.com','04263203813','1900-01-01',NULL,NULL,NULL),(28158079,'YOGDALYS DEL VALLE','ARAQUE CALZADILLA ','Mariche, sector Tito Salas','Yogdalysaraque@gmail.com','04169312389','1900-01-01',NULL,NULL,NULL),(28158126,'Betty Humberlis','Palomares Pineda','Petare, avenida ppal la bombilla casa 15','bettyspineda27@gmail.com','04164153126','1900-01-01',NULL,NULL,NULL),(28158289,'Joel Martin','Carta Moreno','Petare - Barrio Carpintero','','04267737667','1900-01-01',NULL,NULL,NULL),(28158342,'Abraham Jose','Milano Gil ','','','','1900-01-01',NULL,NULL,NULL),(28158365,'Ismary Yetzary','Armas Barrios','Barrio Unión - Petare','ismaryyetzary@hotmail.com','04241874427','1900-01-01',NULL,NULL,NULL),(28158376,'Jesus Alberto','Armas Barrios','Petare - Barrio Unión','jesus-armas599@hotmail.com','04141264902','1900-01-01',NULL,NULL,NULL),(28158446,'Angher Javier','Rodriguez Villarroel','','','','1900-01-01',NULL,NULL,NULL),(28158548,'Jose Alfonso','Ferrer Garcia','Mirador del Este','ferrerjose467@gmail.com','04165640247','1900-01-01',NULL,NULL,NULL),(28158887,'Ediling Andreina','Rivas Ramirez','','','','1900-01-01',NULL,NULL,NULL),(28159079,'Yogdalys Del Valle','Araque Calzadilla','Mariche Sector Tito Salas','yogdalysaraque@gmail.com','04169312389','1900-01-01',NULL,NULL,NULL),(28180284,'Ruben David','Baquero Bayuelo','Petare - Barrio Unión','ruben1610200@hotmail.com','04127247543','1900-01-01',NULL,NULL,NULL),(28209447,'Ghineivi Maria','Carreño Canelon ','Isaías Medina Angarita','ghineivy-14@hotmail.com','04242177095','1900-01-01',NULL,NULL,NULL),(28218130,'Jeimer Eduardo','Mendoza Jimenez','','','','1900-01-01',NULL,NULL,NULL),(28218209,'Dylan Armando ','Lozada Torrealba','Petare - Llanito - Mirador del Este','dylanlt.0826@hotmail.com','04165349992','1900-01-01',NULL,NULL,NULL),(28218297,'JEYDERSON MARIO','PALACIOS SANZ','Petare - Carpintero','','04241184328','1900-01-01',NULL,NULL,NULL),(28218335,'Jhoan de Jesus','Sarmiento Sarmiento','Petare - Bombilla','sarmientodejesus33@gmail.com','','1900-01-01',NULL,NULL,NULL),(28218533,'Ithaal Ammydha','Hurtado Navarrete','Petare - La Urbina - Barrio San José','boreteli@hotmail.com','04242915231','1900-01-01',NULL,NULL,NULL),(28218595,'KATIUSKA MARIA','GUTIERREZ MENDOZA','Petare - Pirita','lakatiuska_09@hotmail.com','04261218724','1900-01-01',NULL,NULL,NULL),(28218618,'Jose Gregorio','Flores Yanez','Mariche - La Dolorita','josegregorioflores068@gmail.com','04143567724','1900-01-01',NULL,NULL,NULL),(28304170,'YOIKEL PETTERSSON','NUÑEZ MARCANO','La Florida - Calle nivaldo','fKazhumder@hotmail.com','04261212682','1900-01-01',NULL,NULL,NULL),(28308847,'Carlos Eduardo','Bracamonte Espinoza','San Pascual - Mesuca','bracamontecarlos229@hotmail.com','04142605159','1900-01-01',NULL,NULL,NULL),(28309079,'Antoni Jose','Polo Chourio ','','','','1900-01-01',NULL,NULL,NULL),(28309134,'GLEYDI YADULQUIMAR','MUÑOZ CEDILLO','Petare barrio Union','','04169137420','1900-01-01',NULL,NULL,NULL),(28309415,'Leandro Jose','Chirino Sangronis','','','','1900-01-01',NULL,NULL,NULL),(28317843,'Josue Misael','Bonilla Dionicio','San Pascual - Mesuca','','04160628413','1900-01-01',NULL,NULL,NULL),(28324759,'Kendry Maribel','Rausseo Parada','','','','1900-01-01',NULL,NULL,NULL),(28325117,'KENDER ADREAN','RIVAS PERAZA','Petare Barrio Bolivar','kenderrivas@hotmail.com','04262159288','1900-01-01',NULL,NULL,NULL),(28325252,'Nathalia Beatriz','Sanmartin Sumba ','Petare - Julián Blanco','','04141167044','1900-01-01',NULL,NULL,NULL),(28330354,'Carlos Marcelo','Sanfiel Cadiz','Barrio Unión - Petare','carlossanfiel28@hotmail.com','04241308863','1900-01-01',NULL,NULL,NULL),(28332612,'Rachely Nayly','Castellano Cordero','Caucaguita - Aguacatico','rachelybella_11@hotmail.com','02124163546','1900-01-01',NULL,NULL,NULL),(28332945,'Cristian Jose','Camacaro Guevara','Petare - Barrio Sucre','cristian.camacaro@gmail.com','04120179996','1900-01-01',NULL,NULL,NULL),(28333395,'Gabriel Jose','Bravo Guzman ','Petare - El Cerrito','gabobravo11@hotmail.com','04140106759','1900-01-01',NULL,NULL,NULL),(28387111,'MANUEL ALEJANDRO','MEDINA FLORES','','','','1900-01-01',NULL,NULL,NULL),(28410256,'BRAYAN DANIEL','GARCES MENDEZ','','','','1900-01-01',NULL,NULL,NULL),(28432578,'JULIANDNERY ISABEL','ROMERO MARTINEZ','Petare - Barrio Union','','04125409220','1900-01-01',NULL,NULL,NULL),(28448034,'Luis Oswaldo','Abello Rodriguez','Petare - Barrio Carpintero','','04261045729','1900-01-01',NULL,NULL,NULL),(28448041,'Emilio Jose','Gutierrez Morales','Petare - Zona Colonial','emigut041@gmail.com','04164010920','1900-01-01',NULL,NULL,NULL),(28448664,'Carlos Alberto','Avendaño Campos ','','','','1900-01-01',NULL,NULL,NULL),(28448832,'Gabriela Isabel','Molina Garcia','Caucaguita','gabrielaiisabel@hotmail.com','04261059555','1900-01-01',NULL,NULL,NULL),(28469300,'Gabriel Alejandro','Delgado Perez','Chacao - Av. José Félix Sosa','gabridelperez2@gmail.com','04241999321','1900-01-01',NULL,NULL,NULL),(28484637,'CHRISTOPHER MANNY','LOYO DIAZ','Petare','','','1900-01-01',NULL,NULL,NULL),(28484815,'Sorangelys Nahomy','Polo Barrios','Mesuca','soranpb07@gmail.com','04129775711','1900-01-01',NULL,NULL,NULL),(28484989,'Joel Felipe','Santana Crespo ','','','','1900-01-01',NULL,NULL,NULL),(29301411,'CESAR ANTONIO','JIMENEZ PALOMINO','Petare - San Blas','cesarjimenez2016@hotmail.com','04241505138','1900-01-01',NULL,NULL,NULL),(29501461,'Migue Angel','Ortega Bellorin','Guatire - Parque Alto','miguelaortegamoda.mb2001@gmail.com','04263127329','1900-01-01',NULL,NULL,NULL),(29518741,'Claudia Valentina','Salas Alves ','Petare - El Nazareno','clau-queen@hotmail.com','04149901395','1900-01-01',NULL,NULL,NULL),(29537192,'Anthony Jose','Landaez Malave','Petare - 24 de Abril','landaez.malavenuevo@hotmail.com','','1900-01-01',NULL,NULL,NULL),(29537298,'Gabriel Enrique','Martinez Flores','Guarenas - Urb. Turumo','gabrielme2000@hotmail.com','04242924180','1900-01-01',NULL,NULL,NULL),(29537588,'Jose Miguel','Echenique Gutierrez','Caucaguita - El Carmen','jose.ma2012@hotmail.com','02129376408','1900-01-01',NULL,NULL,NULL),(29537724,'Wiklerman Alexander','Perez Betancourt','','','','1900-01-01',NULL,NULL,NULL),(29537992,'Eudys Rolando','Chirinos Hernandez','','','','1900-01-01',NULL,NULL,NULL),(29577358,'Giovanny Javier','Pernia Godoy','Petare - San Rafael','giovannypernia@hotmail.com','04169022315','1900-01-01',NULL,NULL,NULL),(29577536,'Gladysbell Cristin','Gonzalez Perez','Mirador del este, calle Bolivar, casa 18','gladysbellgonzales@gmail.com','04169179698','1900-01-01',NULL,NULL,NULL),(29577802,'Axel Armando','Mantilla Barreto ','Caucaguita','axel.mantilla@hotmail.com','04241400186','1900-01-01',NULL,NULL,NULL),(29577930,'Jeison Jose','Blanco Padron','Petare - San Isidro','jeisonb11@gmail.com','04241974562','1900-01-01',NULL,NULL,NULL),(29578687,'Luis Miguel','Garcia Moreno','','','','1900-01-01',NULL,NULL,NULL),(29589945,'Abel Alfonzo','Marquez Bosson','Av. Palmarito - La California','abelmarquez08@gmail.com','04164867096','1900-01-01',NULL,NULL,NULL),(29609295,'Deiker Daniel','Castillo Canelon','La Urbina','deikerdcastillo@hotmail.com','04128008952','1900-01-01',NULL,NULL,NULL),(29621425,'Andrea Julieth','Gonzalez Vargas ','Petare - La Agricultura','andrea.jgv@gmail.com','04127007754','1900-01-01',NULL,NULL,NULL),(29621763,'Brayan Oswaldo','Oviedo Navarro','','','','1900-01-01',NULL,NULL,NULL),(29621846,'Neurelkis Dayana','Ramirez Sanchez','La Agricultura - Petare','neurelkis74@gmail.com','04242243571','1900-01-01',NULL,NULL,NULL),(29662025,'Anthony Daniel','Torres Alcala ','','','','1900-01-01',NULL,NULL,NULL),(29662966,'Daniel Eduardo','Avila Avila','Petare- Barrio Bolívar','danieleavila2001@hotmail.com','04242418265','1900-01-01',NULL,NULL,NULL),(29677939,'Gregory Isaac ','Sosa Majano ','Petare - El Morro','isaacsosamajano@gmail.com','04242366415','1900-01-01',NULL,NULL,NULL),(29706478,'Brayan Jose','Rueda Castro','','','','1900-01-01',NULL,NULL,NULL),(29720517,'Jeremmi Alexander','Lugo Wetzstein','','','','1900-01-01',NULL,NULL,NULL),(29741302,'Cesar Adrian','Urbaneja Arismendi','Jose Felix Ribas Zona 6 La Montanita','son_goku15@hotmail.com','','1900-01-01',NULL,NULL,NULL),(29780061,'ALNOR TOMAS','MARTINEZ VALERA','','','','1900-01-01',NULL,NULL,NULL),(29784944,'Luis Alfonso','Perez Vergel','La Dolorita - Guaicoco','luiszero9@hotmail.com','04141343808','1900-01-01',NULL,NULL,NULL),(29832761,'Eduar Jose ','Petaquero Perdomo','Carpintero - Petare','eduarpetaper25@gmail.com','04268122642','1900-01-01',NULL,NULL,NULL),(29832887,'YERLIN PAMELA','GARCIA RONDON','Petare Mesuca','Yerlynrondon_2001@hotmail.com','04145993759','1900-01-01',NULL,NULL,NULL),(29865277,'Leonel Alejandro','Maneiro Garcia','Guatire','','','1900-01-01',NULL,NULL,NULL),(29883426,'Mianllyli Mayerlig','Osorio Perez','Caucaguita','mianllily@hotmail.com','04242737595','1900-01-01',NULL,NULL,NULL),(29883723,'Brayan Jorge Julian','Rebolledo Milla','Petare - 24 de Julio','brebolledo27@gmail.com','04242602574','1900-01-01',NULL,NULL,NULL),(29888595,'Yicsy Carolay','Marquina Perez','Turumo','gipsymarquina@gmail.com','04241212802','1900-01-01',NULL,NULL,NULL),(29904321,'Kleiderman Alberto','Ramirez Garcia','Petare - El Llanito','kleiderman123@outlook.com','04127009731','1900-01-01',NULL,NULL,NULL),(29935980,'Franklin Jose','Guerra Carpio ','','mateo.guerra.caarpio@gmail.com','04165245194','1900-01-01',NULL,NULL,NULL),(29983732,'GENESIS YUBELYS','PEREZ CASTELLANOS','Brisas Propatria, Final calle Sucre','','04140500475','1900-01-01',NULL,NULL,NULL),(30062535,'Kleiber Jose','Nadales Rojas','','','','1900-01-01',NULL,NULL,NULL),(30154177,'Yon Jose','Payan Rocha ','','','','1900-01-01',NULL,NULL,NULL),(30165034,'Maria Alejandra','Landaez Chacon ','Las Brisas - El Llanito','maria.landaez173@gmail.com','04169226502','1900-01-01',NULL,NULL,NULL),(30165214,'Renee Gabriel','Rodriguez Delgado','Petare - Mariche','rgrodriguez1001@gmail.com','04264051069','1900-01-01',NULL,NULL,NULL),(30246595,'Cristhian Enrique','Olivar Barreto','Caucaguita','cristhianolivar@gmail.com','04264022751','1900-01-01',NULL,NULL,NULL),(30247758,'Humberto Rafael','Aguilera Avila','Petare - Barrio Carpintero','','04262186679','1900-01-01',NULL,NULL,NULL),(30248162,'Juan Eduardo','Requena Merchan','','','','1900-01-01',NULL,NULL,NULL),(30358006,'Carlos Eduardo','Gomez Villamizar','Petare - Barrio Carpintero','carl_carlos_gomez@hotmail.com','04142561230','1900-01-01',NULL,NULL,NULL),(30612847,'Enyerbeth Jose','Torres Ugas','','','','1900-01-01',NULL,NULL,NULL),(31309740,'MARILENIS EULALIA','UBAN GONZALEZ','Petare Vista Hermosa','marilenisubang@hotmail.com','04149269060','1900-01-01',NULL,NULL,NULL),(31408241,'JAVIER JOSE','SOTO CERVANTE','Petare Mesuca','scjavierj98@gmail.com','04143652703','1900-01-01',NULL,NULL,NULL),(31408318,'Fabiola Alejandra','Mendoza Cervantes ','Carpintero - Petare','swagiifabi@gmail.com','04141502016','1900-01-01',NULL,NULL,NULL),(84580585,'ABRAHAM','BALLESTERO CARRILLO','Petarea Baloa','','04264085903','1900-01-01',NULL,NULL,NULL),(84899157,'DARWIN BRYAN','LOPEZ GARCIA','Petare carpintero','darwinbl08@gmail.com','04129888757','1900-01-01',NULL,NULL,NULL);
/*!40000 ALTER TABLE `estudiante` ENABLE KEYS */;
UNLOCK TABLES;

--
-- Table structure for table `periodo`
--

DROP TABLE IF EXISTS `periodo`;
/*!40101 SET @saved_cs_client     = @@character_set_client */;
/*!40101 SET character_set_client = utf8 */;
CREATE TABLE `periodo` (
  `Periodo_ID` int(11) NOT NULL AUTO_INCREMENT COMMENT 'ID del periodo',
  `Periodo_nombre` varchar(10) NOT NULL DEFAULT '0' COMMENT 'Periodo ',
  `Eliminada` tinyint(4) NOT NULL DEFAULT '0' COMMENT 'Si el periodo esta eliminado o no',
  PRIMARY KEY (`Periodo_ID`)
) ENGINE=InnoDB AUTO_INCREMENT=2 DEFAULT CHARSET=utf8 COMMENT='Periodos en la escuela tecnica popular don bosco';
/*!40101 SET character_set_client = @saved_cs_client */;

--
-- Dumping data for table `periodo`
--

LOCK TABLES `periodo` WRITE;
/*!40000 ALTER TABLE `periodo` DISABLE KEYS */;
INSERT INTO `periodo` VALUES (1,'2016-2017',0);
/*!40000 ALTER TABLE `periodo` ENABLE KEYS */;
UNLOCK TABLES;

--
-- Table structure for table `personal`
--

DROP TABLE IF EXISTS `personal`;
/*!40101 SET @saved_cs_client     = @@character_set_client */;
/*!40101 SET character_set_client = utf8 */;
CREATE TABLE `personal` (
  `Cedula` int(11) NOT NULL COMMENT 'Cedula del trabajador',
  `Nombres` varchar(50) NOT NULL COMMENT 'Nombre del trabajador',
  `Apellidos` varchar(50) NOT NULL COMMENT 'Apellido del trabajador',
  `Direccion` varchar(100) DEFAULT NULL COMMENT 'Direccion del trabajador',
  `Correo` varchar(50) DEFAULT NULL COMMENT 'Correo del trabajador',
  `Numero_de_telefono` varchar(50) DEFAULT NULL COMMENT 'Numero de telefono del trabajador',
  PRIMARY KEY (`Cedula`)
) ENGINE=InnoDB DEFAULT CHARSET=utf8 COMMENT='Informacion de trabajadores de la escuela tecnica popular do';
/*!40101 SET character_set_client = @saved_cs_client */;

--
-- Dumping data for table `personal`
--

LOCK TABLES `personal` WRITE;
/*!40000 ALTER TABLE `personal` DISABLE KEYS */;
INSERT INTO `personal` VALUES (2983746,'Juan Antonio','De Loyola','','',''),(3629877,'Magaly','Arrechedera Landaeta','Pablo Sexto','magalyarrechedera@yahoo.es','04166335041'),(3714935,'Hugo Norberto','Villanueva','Avenida Fuerzas Armadas','hugonorbertvilla@hotmail.com','04166344913'),(3838793,'Oswaldo','Tirado Alvarez','','',''),(4581853,'Hector','Pacheco Rondon','Barrio San Jose P.','hetoljpacheco@hotmail.com','04261172847'),(4973746,'Jael Margarita','Arenas Blanco','Caricuao','jaelms34@gmail.com','04168241170'),(5020850,'Luis Alejos','Jaimes Maldonado','Mariche','luisjaimes954@gmail.com','04142718415'),(5136344,'Efrain','Viera Nieves','Alta Vista, Catia','navegante4636@yahoo.com','04126248133'),(5456653,'Willians Geronimo','Garcia','Los Palos Grandes','willigero55@hotmail.com','04263220527'),(5598737,'Jose','Teran Rodriguez','','',''),(5979254,'Daniel Orlando','Nodas Machado','Petare, Barrio Amapola','orlandonodas@gmail.com','02128338097'),(6027089,'Maura Agustina','Rodriguez','San Martin Opp 44','','04167276745'),(6252917,'Jessie','Rodriguez De O','Avenida Son','jessie_mitati@hotmail.com','04143089017'),(6291547,'Armando','Blanco Blanco','Barrio Julian Blanco','toinofresawhite@yahoo.com.ve','04167009275'),(6324709,'Luis','Alfonso Parra','San Martin','','04169092746'),(8763800,'Pablo','Sousa Chacon','','',''),(9242900,'Francisco Javier','Contreras','Los Ruices EPDB','frande86@hotmail.com','04247207671'),(9377723,'Marisol Del Carmen','Arraiz Angulo','2da Avenida, 3ra Transversal, Santa Fe','marisolarraiz@gmail.com','04166274903'),(10222585,'Jose Filemon','Garcia Rodriguez','Barrio Juv. San Blas','josefilemon70@gmail.com','04242844216'),(10823438,'Ivan','Marin Rojas','','',''),(10864069,'Edwuards Rafael','Martinez Capote','Kilometro 6, Junquito','edwuardsmartinez@hotmail.com','04264836965'),(11027747,'Serglette Josefina','Hernandez Salazar','','',''),(11232388,'Jose Manuel','Giz Pedre','Los Ruices','tallerelcadb@hotmail.com','04168154046'),(11311611,'Luzanni Josefina','Rodriguez Carreño','Petare Llanito','luzanni75@hotmail.com','04140162571'),(11944647,'Nellys','Bracamonte Clara','Julian Blanco','barinabracamonte74@hotmail.com','04263541380'),(12111040,'Desiree','Arenas Blanco','Antimano','desiar29@gmail.com','04129377735'),(12756938,'Jose Renato','Gomez Zambrano','','',''),(13119876,'Zonia Margarita','Justos Urbina','Petare, Barrio Onion','zoniaj_@hotmail.com','04267060346'),(13767508,'Mirna Del Valle','Luna Malpa','Palo Verde','mirnadvlunamalpa@gmail.com','04129118466'),(14122759,'Consuelo Leonor','Zarza','Barrio Juventud Bolivariana San Blas','consuelozarza80@gmail.com','04262062023'),(14501921,'Carmen Elena','Uban Diaz','Medina Angarita, Petare','carmen81e@hotmail.com','04160134241'),(14558921,'Deyanira Zuleima','Llovera Rudas','Avenida Romulo Gallegos, Boleita','china1_97@hotmail.com','04141088211'),(15131237,'Suyin Irama','Flores Henriquez','','',''),(15325424,'Juan','Garcia Ferrer','La California','jcgf81@gmail.com','04242051745'),(15791940,'Wilmer Jose','Carrillo Chire','Petare, Barrio San Jose','wilmeropel28@hotmail.com','04125937795'),(15836692,'Yumira Josefina','Perez','San Martin Opp 44','yumira64@hotmail.com','04168359603'),(16218928,'Yaxury Corina','Carrillo Chire','','',''),(16359617,'Karina Beatriz','Barrios Martinez','Campo Claro','karinabarrios18@hotmail.com','04127169055'),(16681370,'Rufino','Alvarado Avellaneda','','',''),(16701188,'Desiree Evelym','Parejo Blanco','Carretera Petare, Santa Lucia, Sector Polideportivo','esireeparejo85@gmail.com','04161133840'),(16809610,'Luis Armando','Camacho','Barrio Union','luiscamacho28@hotmail.com','04140266349'),(16954006,'Edwin Argelio','Romero Montilla','Caucaguita','edwarg_21@hotmail.com','04242490538'),(17123460,'Juan Carlos','Graterol Sepulveda','Urbanizacion La Campiña','juanesgs18@hotmail.com','04141100328'),(17964009,'Lisbeth Joselyn','Fernandez Rondon','Barrio Bolivar, Petare','fernandezlisbeth904@gmail.com','04142991446'),(18003050,'Jose Rene','Romero Gonzalez','California','josedelibra2@gmail.com','04169891324'),(18026910,'Franz Cesar','Loma Perez','Avenida Baralt, Esquina Barconsito','control_plc@hotmail.com','04262939988'),(18276163,'Henry Saul','Milano Cova','','',''),(18840386,'Jose Manuel','Silva Oliveros','Santa Lucia','','04264140858'),(19060662,'Charlie Jose','Avila Belisario','Caucaguita, Petare','elferrari1988@gmail.com','04167224206'),(19967296,'Yolitza Cielomar','Vegas Ugas','Barrio Bolivar','cielomarvegas@gmail.com','04129369571'),(21130538,'Jordis','Gomez Conquista','','',''),(21410721,'Danielys','Ache','','',''),(22354996,'Stefany Shadday','Navas Pedron','Carretera Petare, Santa Lucia, Sector La Lira','shaddaynavas1210@gmail.com','02122342766'),(24524319,'Alberto Amado','Ramirez Soto','','',''),(24887948,'Fabian Eduardo','Padilla Hoyos','','',''),(82105404,'Jesus Maria','Sanz Esteban','Los Rioces','jmsgyv9gt@gmail.com','04143256967'),(82139075,'Donaldo','Cera Sandoval','San Blas','','04268218013'),(82234256,'Julio Arquimidez','Moyle Periche','El Vigia, Los Teques','jmoyle84@hotmail.com','04262755198');
/*!40000 ALTER TABLE `personal` ENABLE KEYS */;
UNLOCK TABLES;

--
-- Table structure for table `seccion`
--

DROP TABLE IF EXISTS `seccion`;
/*!40101 SET @saved_cs_client     = @@character_set_client */;
/*!40101 SET character_set_client = utf8 */;
CREATE TABLE `seccion` (
  `Carrera_ID` int(11) NOT NULL COMMENT 'ID de la carrera ',
  `Periodo_ID` int(11) NOT NULL COMMENT 'ID del periodo lectivo',
  `Cantidad` tinyint(4) NOT NULL DEFAULT '1' COMMENT 'Cantidad de secciones ',
  PRIMARY KEY (`Carrera_ID`,`Periodo_ID`),
  KEY `Periodo_ID` (`Periodo_ID`),
  CONSTRAINT `Carrera_ID` FOREIGN KEY (`Carrera_ID`) REFERENCES `carrera` (`Carrera_ID`),
  CONSTRAINT `Periodo_ID` FOREIGN KEY (`Periodo_ID`) REFERENCES `periodo` (`Periodo_ID`)
) ENGINE=InnoDB DEFAULT CHARSET=utf8 COMMENT='Cantidad de secciones segun periodo y carrera';
/*!40101 SET character_set_client = @saved_cs_client */;

--
-- Dumping data for table `seccion`
--

LOCK TABLES `seccion` WRITE;
/*!40000 ALTER TABLE `seccion` DISABLE KEYS */;
INSERT INTO `seccion` VALUES (1,1,1),(2,1,1),(3,1,2),(4,1,1),(5,1,1),(6,1,1),(7,1,2),(8,1,1),(9,1,1),(10,1,1),(11,1,2),(12,1,1);
/*!40000 ALTER TABLE `seccion` ENABLE KEYS */;
UNLOCK TABLES;

--
-- Table structure for table `tipo_trabajador`
--

DROP TABLE IF EXISTS `tipo_trabajador`;
/*!40101 SET @saved_cs_client     = @@character_set_client */;
/*!40101 SET character_set_client = utf8 */;
CREATE TABLE `tipo_trabajador` (
  `id_tipo` int(1) NOT NULL,
  `cargo` varchar(255) NOT NULL,
  PRIMARY KEY (`id_tipo`)
) ENGINE=InnoDB DEFAULT CHARSET=utf8;
/*!40101 SET character_set_client = @saved_cs_client */;

--
-- Dumping data for table `tipo_trabajador`
--

LOCK TABLES `tipo_trabajador` WRITE;
/*!40000 ALTER TABLE `tipo_trabajador` DISABLE KEYS */;
INSERT INTO `tipo_trabajador` VALUES (1,'Docente'),(2,'Administrativo'),(3,'Obrero');
/*!40000 ALTER TABLE `tipo_trabajador` ENABLE KEYS */;
UNLOCK TABLES;

--
-- Table structure for table `trabaja`
--

DROP TABLE IF EXISTS `trabaja`;
/*!40101 SET @saved_cs_client     = @@character_set_client */;
/*!40101 SET character_set_client = utf8 */;
CREATE TABLE `trabaja` (
  `Cedula` int(11) NOT NULL COMMENT 'Cedula de los trabajadores',
  `Tipo` int(1) NOT NULL COMMENT 'Tipo de trabajador',
  `Periodo_ID` int(11) NOT NULL COMMENT 'ID del periodo lectivo',
  `Inasistencias` smallint(6) NOT NULL DEFAULT '0' COMMENT 'Las inasistencias del estudiante en ese periodo',
  PRIMARY KEY (`Cedula`,`Periodo_ID`),
  KEY `Periodo` (`Periodo_ID`),
  KEY `fk_trabaja_tipo` (`Tipo`),
  CONSTRAINT `Cedula_Trabajador` FOREIGN KEY (`Cedula`) REFERENCES `personal` (`Cedula`),
  CONSTRAINT `Periodo_Trabajador` FOREIGN KEY (`Periodo_ID`) REFERENCES `periodo` (`Periodo_ID`),
  CONSTRAINT `fk_trabaja_tipo` FOREIGN KEY (`Tipo`) REFERENCES `tipo_trabajador` (`id_tipo`)
) ENGINE=InnoDB DEFAULT CHARSET=utf8 COMMENT='Relacion entre los trabajadores y el periodo';
/*!40101 SET character_set_client = @saved_cs_client */;

--
-- Dumping data for table `trabaja`
--

LOCK TABLES `trabaja` WRITE;
/*!40000 ALTER TABLE `trabaja` DISABLE KEYS */;
INSERT INTO `trabaja` VALUES (2983746,1,1,0),(3629877,1,1,0),(3714935,1,1,0),(3838793,1,1,0),(4581853,3,1,0),(4973746,1,1,0),(5020850,3,1,0),(5136344,1,1,0),(5456653,3,1,0),(5598737,1,1,0),(5979254,1,1,0),(6027089,3,1,0),(6252917,1,1,0),(6291547,1,1,0),(6324709,3,1,0),(8763800,1,1,0),(9242900,2,1,0),(9377723,1,1,0),(10222585,3,1,0),(10823438,1,1,0),(10864069,1,1,0),(11027747,1,1,0),(11232388,1,1,0),(11311611,3,1,0),(11944647,3,1,0),(12111040,1,1,0),(12756938,1,1,0),(13119876,3,1,0),(13767508,1,1,0),(14122759,2,1,0),(14501921,2,1,0),(14558921,1,1,0),(15131237,1,1,0),(15325424,3,1,0),(15791940,1,1,0),(15836692,3,1,0),(16218928,1,1,0),(16359617,1,1,0),(16681370,1,1,0),(16701188,3,1,0),(16809610,1,1,0),(16954006,1,1,0),(17123460,1,1,0),(17964009,1,1,0),(18003050,1,1,0),(18026910,1,1,0),(18276163,1,1,0),(18840386,3,1,0),(19060662,1,1,0),(19967296,1,1,0),(21130538,1,1,0),(21410721,1,1,0),(22354996,3,1,0),(24524319,1,1,0),(24887948,1,1,0),(82105404,1,1,0),(82139075,3,1,0),(82234256,1,1,0);
/*!40000 ALTER TABLE `trabaja` ENABLE KEYS */;
UNLOCK TABLES;
/*!40103 SET TIME_ZONE=@OLD_TIME_ZONE */;

/*!40101 SET SQL_MODE=@OLD_SQL_MODE */;
/*!40014 SET FOREIGN_KEY_CHECKS=@OLD_FOREIGN_KEY_CHECKS */;
/*!40014 SET UNIQUE_CHECKS=@OLD_UNIQUE_CHECKS */;
/*!40101 SET CHARACTER_SET_CLIENT=@OLD_CHARACTER_SET_CLIENT */;
/*!40101 SET CHARACTER_SET_RESULTS=@OLD_CHARACTER_SET_RESULTS */;
/*!40101 SET COLLATION_CONNECTION=@OLD_COLLATION_CONNECTION */;
/*!40111 SET SQL_NOTES=@OLD_SQL_NOTES */;

-- Dump completed on 2017-05-11 23:18:24
